Position,Track Name,Artist,Streams,URL,chart_start_date,chart_end_date,chart_country,danceability,energy,key,loudness,mode,speechiness,acousticness,instrumentalness,liveness,valence,tempo,type,id,uri,track_href,analysis_url,duration_ms,time_signature,artist_genre,album_release_date,album_type
1,7 rings,Ariana Grande,71467874,https://open.spotify.com/track/14msK75pk3pA33pzPVNtBF,2019-01-18,2019-01-25,GLB,0.725,0.321,1,-10.744,0,0.323,0.578,0.0,0.0884,0.319,70.142,audio_features,14msK75pk3pA33pzPVNtBF,spotify:track:14msK75pk3pA33pzPVNtBF,https://api.spotify.com/v1/tracks/14msK75pk3pA33pzPVNtBF,https://api.spotify.com/v1/audio-analysis/14msK75pk3pA33pzPVNtBF,178640,4,Pop,2019-01-18,single
2,Sunflower - Spider-Man: Into the Spider-Verse,Post Malone,33799389,https://open.spotify.com/track/3KkXRkHbMCARz0aVfEt68P,2019-01-18,2019-01-25,GLB,0.76,0.479,2,-5.574,1,0.0466,0.556,0.0,0.0703,0.913,89.911,audio_features,3KkXRkHbMCARz0aVfEt68P,spotify:track:3KkXRkHbMCARz0aVfEt68P,https://api.spotify.com/v1/tracks/3KkXRkHbMCARz0aVfEt68P,https://api.spotify.com/v1/audio-analysis/3KkXRkHbMCARz0aVfEt68P,158040,4,Hip hop,2018-12-14,album
3,Wow.,Post Malone,31165644,https://open.spotify.com/track/6MWtB6iiXyIwun0YzU6DFP,2019-01-18,2019-01-25,GLB,0.833,0.539,11,-7.399,0,0.178,0.163,2.1e-06,0.101,0.385,99.947,audio_features,6MWtB6iiXyIwun0YzU6DFP,spotify:track:6MWtB6iiXyIwun0YzU6DFP,https://api.spotify.com/v1/tracks/6MWtB6iiXyIwun0YzU6DFP,https://api.spotify.com/v1/audio-analysis/6MWtB6iiXyIwun0YzU6DFP,149520,4,Hip hop,2018-12-24,single
4,"thank u, next",Ariana Grande,27672341,https://open.spotify.com/track/2rPE9A1vEgShuZxxzR2tZH,2019-01-18,2019-01-25,GLB,0.724,0.647,1,-5.642,1,0.0658,0.28,0.0,0.102,0.435,106.96,audio_features,2rPE9A1vEgShuZxxzR2tZH,spotify:track:2rPE9A1vEgShuZxxzR2tZH,https://api.spotify.com/v1/tracks/2rPE9A1vEgShuZxxzR2tZH,https://api.spotify.com/v1/audio-analysis/2rPE9A1vEgShuZxxzR2tZH,207333,4,Pop,2018-11-03,single
5,Without Me,Halsey,27576694,https://open.spotify.com/track/5p7ujcrUXASCNwRaWNHR1C,2019-01-18,2019-01-25,GLB,0.752,0.488,6,-7.05,1,0.0705,0.297,9.11e-06,0.0936,0.533,136.041,audio_features,5p7ujcrUXASCNwRaWNHR1C,spotify:track:5p7ujcrUXASCNwRaWNHR1C,https://api.spotify.com/v1/tracks/5p7ujcrUXASCNwRaWNHR1C,https://api.spotify.com/v1/audio-analysis/5p7ujcrUXASCNwRaWNHR1C,201661,4,Pop,2018-10-04,single
6,Calma - Remix,Pedro Capó,23772814,https://open.spotify.com/track/5iwz1NiezX7WWjnCgY5TH4,2019-01-18,2019-01-25,GLB,0.826,0.773,11,-4.218,0,0.0524,0.323,0.0,0.143,0.761,126.899,audio_features,5iwz1NiezX7WWjnCgY5TH4,spotify:track:5iwz1NiezX7WWjnCgY5TH4,https://api.spotify.com/v1/tracks/5iwz1NiezX7WWjnCgY5TH4,https://api.spotify.com/v1/audio-analysis/5iwz1NiezX7WWjnCgY5TH4,238200,4,Latin,2018-10-05,single
7,Dancing With A Stranger (with Normani),Sam Smith,22238899,https://open.spotify.com/track/6Qs4SXO9dwPj5GKvVOv8Ki,2019-01-18,2019-01-25,GLB,0.741,0.52,8,-7.513,1,0.0656,0.45,1.97e-06,0.222,0.347,102.998,audio_features,6Qs4SXO9dwPj5GKvVOv8Ki,spotify:track:6Qs4SXO9dwPj5GKvVOv8Ki,https://api.spotify.com/v1/tracks/6Qs4SXO9dwPj5GKvVOv8Ki,https://api.spotify.com/v1/audio-analysis/6Qs4SXO9dwPj5GKvVOv8Ki,171030,4,Pop,2019-01-11,single
8,Sweet but Psycho,Ava Max,21711506,https://open.spotify.com/track/25sgk305KZfyuqVBQIahim,2019-01-18,2019-01-25,GLB,0.719,0.704,1,-4.724,1,0.0476,0.0691,0.0,0.166,0.628,133.002,audio_features,25sgk305KZfyuqVBQIahim,spotify:track:25sgk305KZfyuqVBQIahim,https://api.spotify.com/v1/tracks/25sgk305KZfyuqVBQIahim,https://api.spotify.com/v1/audio-analysis/25sgk305KZfyuqVBQIahim,187436,4,Pop,2018-08-17,single
9,"Taki Taki (with Selena Gomez, Ozuna & Cardi B)",DJ Snake,21435790,https://open.spotify.com/track/4w8niZpiMy6qz1mntFA5uM,2019-01-18,2019-01-25,GLB,0.842,0.801,8,-4.167,0,0.228,0.157,4.82e-06,0.0642,0.617,95.881,audio_features,4w8niZpiMy6qz1mntFA5uM,spotify:track:4w8niZpiMy6qz1mntFA5uM,https://api.spotify.com/v1/tracks/4w8niZpiMy6qz1mntFA5uM,https://api.spotify.com/v1/audio-analysis/4w8niZpiMy6qz1mntFA5uM,212500,4,Pop,2018-09-28,single
10,MIA (feat. Drake),Bad Bunny,19597964,https://open.spotify.com/track/116H0KvKr2Zl4RPuVBruDO,2019-01-18,2019-01-25,GLB,0.817,0.539,6,-6.349,0,0.0621,0.0141,0.000496,0.099,0.158,97.062,audio_features,116H0KvKr2Zl4RPuVBruDO,spotify:track:116H0KvKr2Zl4RPuVBruDO,https://api.spotify.com/v1/tracks/116H0KvKr2Zl4RPuVBruDO,https://api.spotify.com/v1/audio-analysis/116H0KvKr2Zl4RPuVBruDO,210368,4,Latin,2018-10-11,single
11,High Hopes,Panic! At The Disco,18891709,https://open.spotify.com/track/1rqqCSm0Qe4I9rUvWncaom,2019-01-18,2019-01-25,GLB,0.579,0.904,5,-2.729,1,0.0618,0.193,0.0,0.064,0.681,82.014,audio_features,1rqqCSm0Qe4I9rUvWncaom,spotify:track:1rqqCSm0Qe4I9rUvWncaom,https://api.spotify.com/v1/tracks/1rqqCSm0Qe4I9rUvWncaom,https://api.spotify.com/v1/audio-analysis/1rqqCSm0Qe4I9rUvWncaom,190947,4,Rock,2018-06-22,album
12,Happier,Marshmello,18135105,https://open.spotify.com/track/2dpaYNEQHiRxtZbfNsse99,2019-01-18,2019-01-25,GLB,0.687,0.792,5,-2.749,1,0.0452,0.191,0.0,0.167,0.671,100.015,audio_features,2dpaYNEQHiRxtZbfNsse99,spotify:track:2dpaYNEQHiRxtZbfNsse99,https://api.spotify.com/v1/tracks/2dpaYNEQHiRxtZbfNsse99,https://api.spotify.com/v1/audio-analysis/2dpaYNEQHiRxtZbfNsse99,214290,4,Pop,2018-08-17,single
13,Adan y Eva,Paulo Londra,17547601,https://open.spotify.com/track/6FyRXC8tJUh863JCkyWqtk,2019-01-18,2019-01-25,GLB,0.767,0.709,1,-4.47,1,0.336,0.323,0.0,0.0676,0.72,171.993,audio_features,6FyRXC8tJUh863JCkyWqtk,spotify:track:6FyRXC8tJUh863JCkyWqtk,https://api.spotify.com/v1/tracks/6FyRXC8tJUh863JCkyWqtk,https://api.spotify.com/v1/audio-analysis/6FyRXC8tJUh863JCkyWqtk,258639,4,Hip hop,2018-11-05,single
14,SICKO MODE,Travis Scott,17280171,https://open.spotify.com/track/2xLMifQCjDGFmkHkpNLD9h,2019-01-18,2019-01-25,GLB,0.834,0.73,8,-3.714,1,0.222,0.00513,0.0,0.124,0.446,155.008,audio_features,2xLMifQCjDGFmkHkpNLD9h,spotify:track:2xLMifQCjDGFmkHkpNLD9h,https://api.spotify.com/v1/tracks/2xLMifQCjDGFmkHkpNLD9h,https://api.spotify.com/v1/audio-analysis/2xLMifQCjDGFmkHkpNLD9h,312820,4,Hip hop,2018-08-03,album
15,Going Bad (feat. Drake),Meek Mill,17174274,https://open.spotify.com/track/2IRZnDFmlqMuOrYOLnZZyc,2019-01-18,2019-01-25,GLB,0.889,0.496,4,-6.365,0,0.0905,0.259,0.0,0.252,0.544,86.003,audio_features,2IRZnDFmlqMuOrYOLnZZyc,spotify:track:2IRZnDFmlqMuOrYOLnZZyc,https://api.spotify.com/v1/tracks/2IRZnDFmlqMuOrYOLnZZyc,https://api.spotify.com/v1/audio-analysis/2IRZnDFmlqMuOrYOLnZZyc,180522,4,Hip hop,2018-11-30,album
16,Shallow,Lady Gaga,16829254,https://open.spotify.com/track/2VxeLyX666F8uXCJ0dZF8B,2019-01-18,2019-01-25,GLB,0.572,0.385,7,-6.362,1,0.0308,0.371,0.0,0.231,0.323,95.799,audio_features,2VxeLyX666F8uXCJ0dZF8B,spotify:track:2VxeLyX666F8uXCJ0dZF8B,https://api.spotify.com/v1/tracks/2VxeLyX666F8uXCJ0dZF8B,https://api.spotify.com/v1/audio-analysis/2VxeLyX666F8uXCJ0dZF8B,215733,4,Pop,2018-10-05,album
17,Lost in the Fire,Gesaffelstein,15898519,https://open.spotify.com/track/7wFybC8jBH3zE139OpCtpG,2019-01-18,2019-01-25,GLB,0.663,0.675,2,-12.159,1,0.0359,0.0863,0.00133,0.117,0.176,101.004,audio_features,7wFybC8jBH3zE139OpCtpG,spotify:track:7wFybC8jBH3zE139OpCtpG,https://api.spotify.com/v1/tracks/7wFybC8jBH3zE139OpCtpG,https://api.spotify.com/v1/audio-analysis/7wFybC8jBH3zE139OpCtpG,202093,4,Electronic,2019,single
18,Secreto,Anuel AA,15649853,https://open.spotify.com/track/5W83ErFkO3aKAIS1WMi6u0,2019-01-18,2019-01-25,GLB,0.807,0.803,11,-4.156,1,0.126,0.602,0.00853,0.136,0.706,91.987,audio_features,5W83ErFkO3aKAIS1WMi6u0,spotify:track:5W83ErFkO3aKAIS1WMi6u0,https://api.spotify.com/v1/tracks/5W83ErFkO3aKAIS1WMi6u0,https://api.spotify.com/v1/audio-analysis/5W83ErFkO3aKAIS1WMi6u0,258800,4,Latin,2019-01-15,single
19,ZEZE (feat. Travis Scott & Offset),Kodak Black,15564793,https://open.spotify.com/track/0FZ4Dmg8jJJAPJnvBIzD9z,2019-01-18,2019-01-25,GLB,0.861,0.603,8,-5.788,0,0.176,0.0521,0.0,0.0924,0.504,98.043,audio_features,0FZ4Dmg8jJJAPJnvBIzD9z,spotify:track:0FZ4Dmg8jJJAPJnvBIzD9z,https://api.spotify.com/v1/tracks/0FZ4Dmg8jJJAPJnvBIzD9z,https://api.spotify.com/v1/audio-analysis/0FZ4Dmg8jJJAPJnvBIzD9z,228760,4,Hip hop,2018-12-14,album
20,Saturday Nights,Khalid,14560398,https://open.spotify.com/track/5kfNriitmkNE8mUbZ7gbq8,2019-01-18,2019-01-25,GLB,0.551,0.44,10,-8.559,1,0.0985,0.606,3.02e-05,0.11,0.341,167.923,audio_features,5kfNriitmkNE8mUbZ7gbq8,spotify:track:5kfNriitmkNE8mUbZ7gbq8,https://api.spotify.com/v1/tracks/5kfNriitmkNE8mUbZ7gbq8,https://api.spotify.com/v1/audio-analysis/5kfNriitmkNE8mUbZ7gbq8,210667,4,Pop,2018-10-18,album
21,Eastside (with Halsey & Khalid),benny blanco,14028996,https://open.spotify.com/track/7FGq80cy8juXBCD2nrqdWU,2019-01-18,2019-01-25,GLB,0.632,0.686,6,-7.665,0,0.243,0.549,0.0,0.2,0.329,89.949,audio_features,7FGq80cy8juXBCD2nrqdWU,spotify:track:7FGq80cy8juXBCD2nrqdWU,https://api.spotify.com/v1/tracks/7FGq80cy8juXBCD2nrqdWU,https://api.spotify.com/v1/audio-analysis/7FGq80cy8juXBCD2nrqdWU,170770,4,Pop,2018-12-07,album
22,Drip Too Hard (Lil Baby & Gunna),Lil Baby,13585875,https://open.spotify.com/track/78QR3Wp35dqAhFEc2qAGjE,2019-01-18,2019-01-25,GLB,0.897,0.662,1,-6.903,0,0.292,0.0852,0.0,0.534,0.389,112.511,audio_features,78QR3Wp35dqAhFEc2qAGjE,spotify:track:78QR3Wp35dqAhFEc2qAGjE,https://api.spotify.com/v1/tracks/78QR3Wp35dqAhFEc2qAGjE,https://api.spotify.com/v1/audio-analysis/78QR3Wp35dqAhFEc2qAGjE,145543,4,Hip hop,2018-10-05,album
23,Close To Me (with Diplo) (feat. Swae Lee),Ellie Goulding,13523043,https://open.spotify.com/track/5JEx7HbmvHQQswJCsoo9rA,2019-01-18,2019-01-25,GLB,0.575,0.758,1,-5.029,0,0.0618,0.0954,0.0,0.394,0.493,144.107,audio_features,5JEx7HbmvHQQswJCsoo9rA,spotify:track:5JEx7HbmvHQQswJCsoo9rA,https://api.spotify.com/v1/tracks/5JEx7HbmvHQQswJCsoo9rA,https://api.spotify.com/v1/audio-analysis/5JEx7HbmvHQQswJCsoo9rA,182623,4,Pop,2018-10-24,single
24,Look Back at It,A Boogie Wit da Hoodie,13473222,https://open.spotify.com/track/3Ol2xnObFdKV9pmRD2t9x8,2019-01-18,2019-01-25,GLB,0.791,0.587,3,-5.075,0,0.0413,0.407,0.0,0.148,0.536,96.057,audio_features,3Ol2xnObFdKV9pmRD2t9x8,spotify:track:3Ol2xnObFdKV9pmRD2t9x8,https://api.spotify.com/v1/tracks/3Ol2xnObFdKV9pmRD2t9x8,https://api.spotify.com/v1/audio-analysis/3Ol2xnObFdKV9pmRD2t9x8,179449,4,Hip hop,2018-12-21,album
25,Giant (with Rag'n'Bone Man),Calvin Harris,13432564,https://open.spotify.com/track/5itOtNx0WxtJmi1TQ3RuRd,2019-01-18,2019-01-25,GLB,0.807,0.887,1,-4.311,0,0.0361,0.016,0.000503,0.0811,0.606,122.015,audio_features,5itOtNx0WxtJmi1TQ3RuRd,spotify:track:5itOtNx0WxtJmi1TQ3RuRd,https://api.spotify.com/v1/tracks/5itOtNx0WxtJmi1TQ3RuRd,https://api.spotify.com/v1/audio-analysis/5itOtNx0WxtJmi1TQ3RuRd,229184,4,Pop,2019-01-11,single
26,Mo Bamba,Sheck Wes,13264212,https://open.spotify.com/track/1xzBco0xcoJEDXktl7Jxrr,2019-01-18,2019-01-25,GLB,0.729,0.625,4,-5.266,1,0.0315,0.194,0.00986,0.248,0.261,146.034,audio_features,1xzBco0xcoJEDXktl7Jxrr,spotify:track:1xzBco0xcoJEDXktl7Jxrr,https://api.spotify.com/v1/tracks/1xzBco0xcoJEDXktl7Jxrr,https://api.spotify.com/v1/audio-analysis/1xzBco0xcoJEDXktl7Jxrr,183907,4,Hip hop,2018-10-05,album
27,Nothing Breaks Like a Heart (feat. Miley Cyrus),Mark Ronson,12917943,https://open.spotify.com/track/27rdGxbavYJeBphck5MZAF,2019-01-18,2019-01-25,GLB,0.601,0.794,7,-5.844,0,0.0671,0.00987,1.36e-06,0.388,0.244,114.066,audio_features,27rdGxbavYJeBphck5MZAF,spotify:track:27rdGxbavYJeBphck5MZAF,https://api.spotify.com/v1/tracks/27rdGxbavYJeBphck5MZAF,https://api.spotify.com/v1/audio-analysis/27rdGxbavYJeBphck5MZAF,217467,4,Pop,2018-11-30,single
28,when the party's over,Billie Eilish,12787942,https://open.spotify.com/track/14JzyD6FlBD5z0wV5P07YI,2019-01-18,2019-01-25,GLB,0.498,0.104,1,-14.08,0,0.0621,0.979,7.86e-05,0.0895,0.205,124.001,audio_features,14JzyD6FlBD5z0wV5P07YI,spotify:track:14JzyD6FlBD5z0wV5P07YI,https://api.spotify.com/v1/tracks/14JzyD6FlBD5z0wV5P07YI,https://api.spotify.com/v1/audio-analysis/14JzyD6FlBD5z0wV5P07YI,199931,3,Pop,2018-10-17,single
29,Better Now,Post Malone,12225139,https://open.spotify.com/track/7dt6x5M1jzdTEt8oCbisTK,2019-01-18,2019-01-25,GLB,0.68,0.578,10,-5.804,1,0.04,0.331,0.0,0.135,0.341,145.038,audio_features,7dt6x5M1jzdTEt8oCbisTK,spotify:track:7dt6x5M1jzdTEt8oCbisTK,https://api.spotify.com/v1/tracks/7dt6x5M1jzdTEt8oCbisTK,https://api.spotify.com/v1/audio-analysis/7dt6x5M1jzdTEt8oCbisTK,231267,4,Hip hop,2018-04-27,album
30,Be Alright,Dean Lewis,11967642,https://open.spotify.com/track/3EPXxR3ImUwfayaurPi3cm,2019-01-18,2019-01-25,GLB,0.553,0.586,11,-6.319,1,0.0362,0.697,0.0,0.0813,0.443,126.684,audio_features,3EPXxR3ImUwfayaurPi3cm,spotify:track:3EPXxR3ImUwfayaurPi3cm,https://api.spotify.com/v1/tracks/3EPXxR3ImUwfayaurPi3cm,https://api.spotify.com/v1/audio-analysis/3EPXxR3ImUwfayaurPi3cm,196373,4,Pop,2018-06-29,single
31,SAD!,XXXTENTACION,11909435,https://open.spotify.com/track/3ee8Jmje8o58CHK66QrVC2,2019-01-18,2019-01-25,GLB,0.74,0.613,8,-4.88,1,0.145,0.258,0.00372,0.123,0.473,75.023,audio_features,3ee8Jmje8o58CHK66QrVC2,spotify:track:3ee8Jmje8o58CHK66QrVC2,https://api.spotify.com/v1/tracks/3ee8Jmje8o58CHK66QrVC2,https://api.spotify.com/v1/audio-analysis/3ee8Jmje8o58CHK66QrVC2,166606,4,Hip hop,2018-03-16,album
32,Arms Around You (feat. Maluma & Swae Lee),XXXTENTACION,11782058,https://open.spotify.com/track/2LskIZrCeLxRvCiGP8gxlh,2019-01-18,2019-01-25,GLB,0.703,0.723,9,-5.45,0,0.0412,0.0302,2.06e-06,0.126,0.288,104.969,audio_features,2LskIZrCeLxRvCiGP8gxlh,spotify:track:2LskIZrCeLxRvCiGP8gxlh,https://api.spotify.com/v1/tracks/2LskIZrCeLxRvCiGP8gxlh,https://api.spotify.com/v1/audio-analysis/2LskIZrCeLxRvCiGP8gxlh,198903,4,Hip hop,2018-10-25,single
33,Girls Like You (feat. Cardi B) - Cardi B Version,Maroon 5,11611300,https://open.spotify.com/track/7fa9MBXhVfQ8P8Df9OEbD8,2019-01-18,2019-01-25,GLB,0.851,0.541,0,-6.825,1,0.0505,0.568,0.0,0.13,0.448,124.959,audio_features,7fa9MBXhVfQ8P8Df9OEbD8,spotify:track:7fa9MBXhVfQ8P8Df9OEbD8,https://api.spotify.com/v1/tracks/7fa9MBXhVfQ8P8Df9OEbD8,https://api.spotify.com/v1/audio-analysis/7fa9MBXhVfQ8P8Df9OEbD8,235545,4,Pop,2018-06-15,album
34,Bohemian Rhapsody - Remastered 2011,Queen,11183058,https://open.spotify.com/track/7tFiyTwD0nx5a1eklYtX2J,2019-01-18,2019-01-25,GLB,0.392,0.402,0,-9.961,0,0.0536,0.288,0.0,0.243,0.228,143.883,audio_features,7tFiyTwD0nx5a1eklYtX2J,spotify:track:7tFiyTwD0nx5a1eklYtX2J,https://api.spotify.com/v1/tracks/7tFiyTwD0nx5a1eklYtX2J,https://api.spotify.com/v1/audio-analysis/7tFiyTwD0nx5a1eklYtX2J,354320,4,Rock,1975-11-21,album
35,Desconocidos,Mau y Ricky,11064377,https://open.spotify.com/track/0s5DNDV6LAKn2u2Ufa3VjQ,2019-01-18,2019-01-25,GLB,0.709,0.771,7,-4.598,1,0.166,0.146,3.29e-06,0.249,0.709,174.006,audio_features,0s5DNDV6LAKn2u2Ufa3VjQ,spotify:track:0s5DNDV6LAKn2u2Ufa3VjQ,https://api.spotify.com/v1/tracks/0s5DNDV6LAKn2u2Ufa3VjQ,https://api.spotify.com/v1/audio-analysis/0s5DNDV6LAKn2u2Ufa3VjQ,204453,4,Latin,2018-10-12,single
36,Lucid Dreams,Juice WRLD,10923958,https://open.spotify.com/track/285pBltuF7vW8TeWk8hdRR,2019-01-18,2019-01-25,GLB,0.511,0.566,6,-7.23,0,0.2,0.349,0.0,0.34,0.218,83.903,audio_features,285pBltuF7vW8TeWk8hdRR,spotify:track:285pBltuF7vW8TeWk8hdRR,https://api.spotify.com/v1/tracks/285pBltuF7vW8TeWk8hdRR,https://api.spotify.com/v1/audio-analysis/285pBltuF7vW8TeWk8hdRR,239836,4,Hip hop,2018-12-10,album
37,Adictiva,Daddy Yankee,10882484,https://open.spotify.com/track/6MJUCumnQsQEKbCy28tbCP,2019-01-18,2019-01-25,GLB,0.788,0.771,4,-3.206,0,0.0563,0.291,5.62e-05,0.172,0.701,99.038,audio_features,6MJUCumnQsQEKbCy28tbCP,spotify:track:6MJUCumnQsQEKbCy28tbCP,https://api.spotify.com/v1/tracks/6MJUCumnQsQEKbCy28tbCP,https://api.spotify.com/v1/audio-analysis/6MJUCumnQsQEKbCy28tbCP,207853,4,Latin,2018-11-09,single
38,Ella Quiere Beber - Remix,Anuel AA,10862330,https://open.spotify.com/track/2cYnZNzFRFK0H7vSNxPsUq,2019-01-18,2019-01-25,GLB,0.751,0.665,8,-3.083,1,0.124,0.265,0.0,0.0515,0.698,95.239,audio_features,2cYnZNzFRFK0H7vSNxPsUq,spotify:track:2cYnZNzFRFK0H7vSNxPsUq,https://api.spotify.com/v1/tracks/2cYnZNzFRFK0H7vSNxPsUq,https://api.spotify.com/v1/audio-analysis/2cYnZNzFRFK0H7vSNxPsUq,219357,4,Latin,2018-11-02,single
39,Better,Khalid,10854712,https://open.spotify.com/track/6zeeWid2sgw4lap2jV61PZ,2019-01-18,2019-01-25,GLB,0.596,0.552,0,-10.278,0,0.097,0.0765,0.334,0.104,0.112,97.949,audio_features,6zeeWid2sgw4lap2jV61PZ,spotify:track:6zeeWid2sgw4lap2jV61PZ,https://api.spotify.com/v1/tracks/6zeeWid2sgw4lap2jV61PZ,https://api.spotify.com/v1/audio-analysis/6zeeWid2sgw4lap2jV61PZ,229320,4,Pop,2018-10-18,album
40,Moonlight,XXXTENTACION,10351258,https://open.spotify.com/track/0JP9xo3adEtGSdUEISiszL,2019-01-18,2019-01-25,GLB,0.921,0.537,9,-5.723,0,0.0804,0.556,0.00404,0.102,0.711,128.009,audio_features,0JP9xo3adEtGSdUEISiszL,spotify:track:0JP9xo3adEtGSdUEISiszL,https://api.spotify.com/v1/tracks/0JP9xo3adEtGSdUEISiszL,https://api.spotify.com/v1/audio-analysis/0JP9xo3adEtGSdUEISiszL,135090,4,Hip hop,2018-03-16,album
41,Leave Me Alone,Flipp Dinero,10330367,https://open.spotify.com/track/14mHfNsSHN0FbLftyjrV9g,2019-01-18,2019-01-25,GLB,0.792,0.743,7,-2.806,1,0.0851,0.107,0.0,0.183,0.742,150.024,audio_features,14mHfNsSHN0FbLftyjrV9g,spotify:track:14mHfNsSHN0FbLftyjrV9g,https://api.spotify.com/v1/tracks/14mHfNsSHN0FbLftyjrV9g,https://api.spotify.com/v1/audio-analysis/14mHfNsSHN0FbLftyjrV9g,195637,4,Hip hop,2018-09-04,single
42,imagine,Ariana Grande,10326381,https://open.spotify.com/track/0todbbT9g5uQGbeFCiBf2F,2019-01-18,2019-01-25,GLB,0.714,0.474,8,-4.993,1,0.039,0.374,0.0,0.106,0.376,62.484,audio_features,0todbbT9g5uQGbeFCiBf2F,spotify:track:0todbbT9g5uQGbeFCiBf2F,https://api.spotify.com/v1/tracks/0todbbT9g5uQGbeFCiBf2F,https://api.spotify.com/v1/audio-analysis/0todbbT9g5uQGbeFCiBf2F,212293,3,Pop,2018-12-14,single
43,Wake Up in the Sky,Gucci Mane,10323852,https://open.spotify.com/track/2G1tXoGBaEMJ7FKGnkf6ud,2019-01-18,2019-01-25,GLB,0.8,0.578,4,-5.144,0,0.0485,0.00381,0.0,0.367,0.367,143.01,audio_features,2G1tXoGBaEMJ7FKGnkf6ud,spotify:track:2G1tXoGBaEMJ7FKGnkf6ud,https://api.spotify.com/v1/tracks/2G1tXoGBaEMJ7FKGnkf6ud,https://api.spotify.com/v1/audio-analysis/2G1tXoGBaEMJ7FKGnkf6ud,203161,4,Hip hop,2018-12-07,album
44,In My Mind,Dynoro,10316464,https://open.spotify.com/track/0E9ZjEAyAwOXZ7wJC0PD33,2019-01-18,2019-01-25,GLB,0.694,0.77,6,-5.335,1,0.149,0.176,1.1e-05,0.118,0.163,125.905,audio_features,0E9ZjEAyAwOXZ7wJC0PD33,spotify:track:0E9ZjEAyAwOXZ7wJC0PD33,https://api.spotify.com/v1/tracks/0E9ZjEAyAwOXZ7wJC0PD33,https://api.spotify.com/v1/audio-analysis/0E9ZjEAyAwOXZ7wJC0PD33,184560,4,Electronic,2018-06-08,single
45,Baila Baila Baila,Ozuna,10271742,https://open.spotify.com/track/7uH27oIt4a6cIFCA8ZPcyG,2019-01-18,2019-01-25,GLB,0.816,0.754,11,-2.75,0,0.111,0.0361,0.0,0.217,0.533,99.966,audio_features,7uH27oIt4a6cIFCA8ZPcyG,spotify:track:7uH27oIt4a6cIFCA8ZPcyG,https://api.spotify.com/v1/tracks/7uH27oIt4a6cIFCA8ZPcyG,https://api.spotify.com/v1/audio-analysis/7uH27oIt4a6cIFCA8ZPcyG,158400,4,Latin,2019-01-05,single
46,Keanu Reeves,Logic,10133154,https://open.spotify.com/track/25F6MWrnFBCXVnpN4n76EK,2019-01-18,2019-01-25,GLB,0.71,0.888,2,-6.457,1,0.235,0.0591,0.0,0.134,0.816,170.193,audio_features,25F6MWrnFBCXVnpN4n76EK,spotify:track:25F6MWrnFBCXVnpN4n76EK,https://api.spotify.com/v1/tracks/25F6MWrnFBCXVnpN4n76EK,https://api.spotify.com/v1/audio-analysis/25F6MWrnFBCXVnpN4n76EK,225987,4,Hip hop,2019-01-18,single
47,rockstar (feat. 21 Savage),Post Malone,9956213,https://open.spotify.com/track/0e7ipj03S05BNilyu5bRzt,2019-01-18,2019-01-25,GLB,0.585,0.52,5,-6.136,0,0.0712,0.124,7.01e-05,0.131,0.129,159.801,audio_features,0e7ipj03S05BNilyu5bRzt,spotify:track:0e7ipj03S05BNilyu5bRzt,https://api.spotify.com/v1/tracks/0e7ipj03S05BNilyu5bRzt,https://api.spotify.com/v1/audio-analysis/0e7ipj03S05BNilyu5bRzt,218147,4,Hip hop,2018-04-27,album
48,Amanece,Anuel AA,9710846,https://open.spotify.com/track/1LiN0Z98FkR1t0m8KmLcAH,2019-01-18,2019-01-25,GLB,0.79,0.631,8,-5.549,0,0.0425,0.437,0.0,0.158,0.889,94.039,audio_features,1LiN0Z98FkR1t0m8KmLcAH,spotify:track:1LiN0Z98FkR1t0m8KmLcAH,https://api.spotify.com/v1/tracks/1LiN0Z98FkR1t0m8KmLcAH,https://api.spotify.com/v1/audio-analysis/1LiN0Z98FkR1t0m8KmLcAH,190005,4,Latin,2018-12-14,single
49,Hope,The Chainsmokers,9657252,https://open.spotify.com/track/4BiiOzZCrXEzHRLYcYFiD5,2019-01-18,2019-01-25,GLB,0.773,0.699,1,-5.982,0,0.0958,0.488,3.6e-06,0.0814,0.513,104.941,audio_features,4BiiOzZCrXEzHRLYcYFiD5,spotify:track:4BiiOzZCrXEzHRLYcYFiD5,https://api.spotify.com/v1/tracks/4BiiOzZCrXEzHRLYcYFiD5,https://api.spotify.com/v1/audio-analysis/4BiiOzZCrXEzHRLYcYFiD5,180120,4,Pop,2018-12-14,album
50,Promises (with Sam Smith),Calvin Harris,9654926,https://open.spotify.com/track/5N5k9nd479b1xpDZ4usjrg,2019-01-18,2019-01-25,GLB,0.781,0.768,11,-5.991,1,0.0394,0.0119,4.91e-06,0.325,0.486,123.07,audio_features,5N5k9nd479b1xpDZ4usjrg,spotify:track:5N5k9nd479b1xpDZ4usjrg,https://api.spotify.com/v1/tracks/5N5k9nd479b1xpDZ4usjrg,https://api.spotify.com/v1/audio-analysis/5N5k9nd479b1xpDZ4usjrg,213309,4,Pop,2018-08-17,single
51,lovely,Billie Eilish,9474960,https://open.spotify.com/track/1NJcg626wLln4pGHpiV7mf,2019-01-18,2019-01-25,GLB,0.351,0.296,4,-10.109,0,0.0333,0.934,0.0,0.095,0.12,115.284,audio_features,1NJcg626wLln4pGHpiV7mf,spotify:track:1NJcg626wLln4pGHpiV7mf,https://api.spotify.com/v1/tracks/1NJcg626wLln4pGHpiV7mf,https://api.spotify.com/v1/audio-analysis/1NJcg626wLln4pGHpiV7mf,200186,4,Pop,2017-08-11,single
52,First Off (feat. Travis Scott),Future,9301657,https://open.spotify.com/track/3WRIaWsws011vHMd9uzPjG,2019-01-18,2019-01-25,GLB,0.734,0.683,1,-6.105,1,0.0776,0.013,0.0,0.28,0.445,162.038,audio_features,3WRIaWsws011vHMd9uzPjG,spotify:track:3WRIaWsws011vHMd9uzPjG,https://api.spotify.com/v1/tracks/3WRIaWsws011vHMd9uzPjG,https://api.spotify.com/v1/audio-analysis/3WRIaWsws011vHMd9uzPjG,228367,4,Hip hop,2019-01-18,album
53,Taste (feat. Offset),Tyga,9205634,https://open.spotify.com/track/5IaHrVsrferBYDm0bDyABy,2019-01-18,2019-01-25,GLB,0.884,0.559,0,-7.442,1,0.12,0.0236,0.0,0.101,0.342,97.994,audio_features,5IaHrVsrferBYDm0bDyABy,spotify:track:5IaHrVsrferBYDm0bDyABy,https://api.spotify.com/v1/tracks/5IaHrVsrferBYDm0bDyABy,https://api.spotify.com/v1/audio-analysis/5IaHrVsrferBYDm0bDyABy,232959,4,Pop,2018-05-16,single
54,Youngblood,5 Seconds of Summer,9187834,https://open.spotify.com/track/2iUXsYOEPhVqEBwsqP70rE,2019-01-18,2019-01-25,GLB,0.596,0.854,7,-5.114,0,0.463,0.0169,0.0,0.124,0.152,120.274,audio_features,2iUXsYOEPhVqEBwsqP70rE,spotify:track:2iUXsYOEPhVqEBwsqP70rE,https://api.spotify.com/v1/tracks/2iUXsYOEPhVqEBwsqP70rE,https://api.spotify.com/v1/audio-analysis/2iUXsYOEPhVqEBwsqP70rE,203418,4,Pop,2018-06-15,album
55,Hobby Hobby,MERO,9075914,https://open.spotify.com/track/260R90ctQ1SiPax90PuEsT,2019-01-18,2019-01-25,GLB,0.737,0.75,8,-6.464,1,0.298,0.379,0.0,0.131,0.857,81.955,audio_features,260R90ctQ1SiPax90PuEsT,spotify:track:260R90ctQ1SiPax90PuEsT,https://api.spotify.com/v1/tracks/260R90ctQ1SiPax90PuEsT,https://api.spotify.com/v1/audio-analysis/260R90ctQ1SiPax90PuEsT,153308,4,Hip hop,2019-01-18,single
56,no tears left to cry,Ariana Grande,8846430,https://open.spotify.com/track/2qT1uLXPVPzGgFOx4jtEuo,2019-01-18,2019-01-25,GLB,0.699,0.713,9,-5.507,0,0.0594,0.04,3.11e-06,0.294,0.354,121.993,audio_features,2qT1uLXPVPzGgFOx4jtEuo,spotify:track:2qT1uLXPVPzGgFOx4jtEuo,https://api.spotify.com/v1/tracks/2qT1uLXPVPzGgFOx4jtEuo,https://api.spotify.com/v1/audio-analysis/2qT1uLXPVPzGgFOx4jtEuo,205920,4,Pop,2018-08-17,album
57,Crushed Up,Future,8726504,https://open.spotify.com/track/7wcyO1rrH3Ru4t659IjG41,2019-01-18,2019-01-25,GLB,0.781,0.597,10,-6.794,0,0.23,0.0415,0.0,0.152,0.544,158.043,audio_features,7wcyO1rrH3Ru4t659IjG41,spotify:track:7wcyO1rrH3Ru4t659IjG41,https://api.spotify.com/v1/tracks/7wcyO1rrH3Ru4t659IjG41,https://api.spotify.com/v1/audio-analysis/7wcyO1rrH3Ru4t659IjG41,149949,4,Hip hop,2019-01-18,album
58,Ruin My Life,Zara Larsson,8718625,https://open.spotify.com/track/5tAa8Uaqr4VvA3693mbIhU,2019-01-18,2019-01-25,GLB,0.665,0.699,11,-5.265,1,0.0578,0.423,0.0,0.0969,0.585,124.896,audio_features,5tAa8Uaqr4VvA3693mbIhU,spotify:track:5tAa8Uaqr4VvA3693mbIhU,https://api.spotify.com/v1/tracks/5tAa8Uaqr4VvA3693mbIhU,https://api.spotify.com/v1/audio-analysis/5tAa8Uaqr4VvA3693mbIhU,190932,4,Pop,2018-10-18,single
59,a lot,21 Savage,8666560,https://open.spotify.com/track/2t8yVaLvJ0RenpXUIAC52d,2019-01-18,2019-01-25,GLB,0.837,0.636,1,-7.643,1,0.086,0.0395,0.00125,0.342,0.274,145.972,audio_features,2t8yVaLvJ0RenpXUIAC52d,spotify:track:2t8yVaLvJ0RenpXUIAC52d,https://api.spotify.com/v1/tracks/2t8yVaLvJ0RenpXUIAC52d,https://api.spotify.com/v1/audio-analysis/2t8yVaLvJ0RenpXUIAC52d,288624,4,Hip hop,2018-12-21,album
60,Solo de Mi,Bad Bunny,8587787,https://open.spotify.com/track/4uP3pUP18ennmz0tb3GphR,2019-01-18,2019-01-25,GLB,0.743,0.73,10,-4.314,0,0.125,0.287,8.1e-05,0.0778,0.15,179.972,audio_features,4uP3pUP18ennmz0tb3GphR,spotify:track:4uP3pUP18ennmz0tb3GphR,https://api.spotify.com/v1/tracks/4uP3pUP18ennmz0tb3GphR,https://api.spotify.com/v1/audio-analysis/4uP3pUP18ennmz0tb3GphR,197968,4,Latin,2018-12-23,album
61,I Like It,Cardi B,8468946,https://open.spotify.com/track/58q2HKrzhC3ozto2nDdN4z,2019-01-18,2019-01-25,GLB,0.816,0.726,5,-3.998,0,0.129,0.099,0.0,0.372,0.65,136.048,audio_features,58q2HKrzhC3ozto2nDdN4z,spotify:track:58q2HKrzhC3ozto2nDdN4z,https://api.spotify.com/v1/tracks/58q2HKrzhC3ozto2nDdN4z,https://api.spotify.com/v1/audio-analysis/58q2HKrzhC3ozto2nDdN4z,253390,4,Pop,2018-04-06,album
62,Imposible,Luis Fonsi,8466082,https://open.spotify.com/track/3ao3OVxHlb3C08vAaApUlm,2019-01-18,2019-01-25,GLB,0.786,0.764,11,-2.935,1,0.0798,0.122,0.0,0.102,0.913,90.979,audio_features,3ao3OVxHlb3C08vAaApUlm,spotify:track:3ao3OVxHlb3C08vAaApUlm,https://api.spotify.com/v1/tracks/3ao3OVxHlb3C08vAaApUlm,https://api.spotify.com/v1/audio-analysis/3ao3OVxHlb3C08vAaApUlm,163880,4,Latin,2018-10-19,single
63,Bad Liar,Imagine Dragons,8460850,https://open.spotify.com/track/2RSHsoi04658QL5xgQVov3,2019-01-18,2019-01-25,GLB,0.383,0.637,3,-6.993,1,0.0703,0.0722,0.0,0.368,0.0827,177.913,audio_features,2RSHsoi04658QL5xgQVov3,spotify:track:2RSHsoi04658QL5xgQVov3,https://api.spotify.com/v1/tracks/2RSHsoi04658QL5xgQVov3,https://api.spotify.com/v1/audio-analysis/2RSHsoi04658QL5xgQVov3,260773,4,Rock,2018-11-09,album
64,Love Someone,Lukas Graham,8235689,https://open.spotify.com/track/3id2EVGKc3eFAMn9nFnB0r,2019-01-18,2019-01-25,GLB,0.538,0.409,9,-6.581,0,0.0505,0.172,0.0,0.11,0.265,171.838,audio_features,3id2EVGKc3eFAMn9nFnB0r,spotify:track:3id2EVGKc3eFAMn9nFnB0r,https://api.spotify.com/v1/tracks/3id2EVGKc3eFAMn9nFnB0r,https://api.spotify.com/v1/audio-analysis/3id2EVGKc3eFAMn9nFnB0r,205440,4,Pop,2018-10-26,album
65,Money,Cardi B,8223260,https://open.spotify.com/track/2GGMabyHXnJmjY6CXhhB2e,2019-01-18,2019-01-25,GLB,0.95,0.59,8,-6.508,0,0.29,0.00534,0.0,0.11,0.219,130.003,audio_features,2GGMabyHXnJmjY6CXhhB2e,spotify:track:2GGMabyHXnJmjY6CXhhB2e,https://api.spotify.com/v1/tracks/2GGMabyHXnJmjY6CXhhB2e,https://api.spotify.com/v1/audio-analysis/2GGMabyHXnJmjY6CXhhB2e,183527,4,Pop,2018-10-23,single
66,NI BIEN NI MAL,Bad Bunny,8172522,https://open.spotify.com/track/278kSqsZIiYp8p3QjYAqa8,2019-01-18,2019-01-25,GLB,0.826,0.449,5,-8.33,0,0.0674,0.556,1.85e-05,0.273,0.337,128.028,audio_features,278kSqsZIiYp8p3QjYAqa8,spotify:track:278kSqsZIiYp8p3QjYAqa8,https://api.spotify.com/v1/tracks/278kSqsZIiYp8p3QjYAqa8,https://api.spotify.com/v1/audio-analysis/278kSqsZIiYp8p3QjYAqa8,236216,4,Latin,2018-12-23,album
67,whoa (mind in awe),XXXTENTACION,8132321,https://open.spotify.com/track/7pdF27mSDuPWhppnHAmWHa,2019-01-18,2019-01-25,GLB,0.735,0.525,6,-2.939,0,0.0441,0.653,0.918,0.101,0.369,160.147,audio_features,7pdF27mSDuPWhppnHAmWHa,spotify:track:7pdF27mSDuPWhppnHAmWHa,https://api.spotify.com/v1/tracks/7pdF27mSDuPWhppnHAmWHa,https://api.spotify.com/v1/audio-analysis/7pdF27mSDuPWhppnHAmWHa,157777,4,Hip hop,2018-12-07,album
68,Vaina Loca,Ozuna,8057457,https://open.spotify.com/track/48zFZh27QU5qsrBjn4C2FA,2019-01-18,2019-01-25,GLB,0.754,0.805,6,-4.249,1,0.0752,0.315,0.0,0.203,0.555,93.982,audio_features,48zFZh27QU5qsrBjn4C2FA,spotify:track:48zFZh27QU5qsrBjn4C2FA,https://api.spotify.com/v1/tracks/48zFZh27QU5qsrBjn4C2FA,https://api.spotify.com/v1/audio-analysis/48zFZh27QU5qsrBjn4C2FA,176133,4,Latin,2018-08-24,album
69,God's Plan,Drake,7896269,https://open.spotify.com/track/6DCZcSspjsKoFjzjrWoCdn,2019-01-18,2019-01-25,GLB,0.754,0.449,7,-9.211,1,0.109,0.0332,8.29e-05,0.552,0.357,77.169,audio_features,6DCZcSspjsKoFjzjrWoCdn,spotify:track:6DCZcSspjsKoFjzjrWoCdn,https://api.spotify.com/v1/tracks/6DCZcSspjsKoFjzjrWoCdn,https://api.spotify.com/v1/audio-analysis/6DCZcSspjsKoFjzjrWoCdn,198973,4,Hip hop,2018-06-29,album
70,Natural,Imagine Dragons,7845067,https://open.spotify.com/track/2FY7b99s15jUprqC0M5NCT,2019-01-18,2019-01-25,GLB,0.704,0.611,2,-6.112,1,0.0409,0.217,0.0,0.0812,0.22,100.0,audio_features,2FY7b99s15jUprqC0M5NCT,spotify:track:2FY7b99s15jUprqC0M5NCT,https://api.spotify.com/v1/tracks/2FY7b99s15jUprqC0M5NCT,https://api.spotify.com/v1/audio-analysis/2FY7b99s15jUprqC0M5NCT,189467,4,Rock,2018-11-09,album
71,Jocelyn Flores,XXXTENTACION,7843780,https://open.spotify.com/track/7m9OqQk4RVRkw9JJdeAw96,2019-01-18,2019-01-25,GLB,0.872,0.391,0,-9.144,0,0.242,0.469,4.13e-06,0.297,0.437,134.021,audio_features,7m9OqQk4RVRkw9JJdeAw96,spotify:track:7m9OqQk4RVRkw9JJdeAw96,https://api.spotify.com/v1/tracks/7m9OqQk4RVRkw9JJdeAw96,https://api.spotify.com/v1/audio-analysis/7m9OqQk4RVRkw9JJdeAw96,119133,4,Hip hop,2017-08-25,album
72,Startender (feat. Offset and Tyga),A Boogie Wit da Hoodie,7769520,https://open.spotify.com/track/0jAfdqv18goRTUxm3ilRjb,2019-01-18,2019-01-25,GLB,0.736,0.622,6,-4.653,0,0.133,0.0235,0.0,0.151,0.506,191.971,audio_features,0jAfdqv18goRTUxm3ilRjb,spotify:track:0jAfdqv18goRTUxm3ilRjb,https://api.spotify.com/v1/tracks/0jAfdqv18goRTUxm3ilRjb,https://api.spotify.com/v1/audio-analysis/0jAfdqv18goRTUxm3ilRjb,192779,4,Hip hop,2018-12-21,album
73,Body (feat. brando),Loud Luxury,7719123,https://open.spotify.com/track/7K7MUBCnzgBAvMVW2RTWNs,2019-01-18,2019-01-25,GLB,0.752,0.764,1,-4.399,1,0.038,0.0476,9.44e-05,0.0543,0.582,121.958,audio_features,7K7MUBCnzgBAvMVW2RTWNs,spotify:track:7K7MUBCnzgBAvMVW2RTWNs,https://api.spotify.com/v1/tracks/7K7MUBCnzgBAvMVW2RTWNs,https://api.spotify.com/v1/audio-analysis/7K7MUBCnzgBAvMVW2RTWNs,163216,4,Pop,2017-10-27,single
74,Bubalu,Becky G,7691925,https://open.spotify.com/track/7dNwJbsT0sg1le5kVugGJb,2019-01-18,2019-01-25,GLB,0.8,0.355,6,-10.47,0,0.0895,0.616,0.0,0.118,0.253,145.929,audio_features,7dNwJbsT0sg1le5kVugGJb,spotify:track:7dNwJbsT0sg1le5kVugGJb,https://api.spotify.com/v1/tracks/7dNwJbsT0sg1le5kVugGJb,https://api.spotify.com/v1/audio-analysis/7dNwJbsT0sg1le5kVugGJb,228493,4,Pop,2018-11-06,compilation
75,Beautiful (feat. Camila Cabello),Bazzi,7568703,https://open.spotify.com/track/4VUwkH455At9kENOfzTqmF,2019-01-18,2019-01-25,GLB,0.638,0.717,2,-4.722,1,0.0337,0.346,0.0,0.105,0.249,100.027,audio_features,4VUwkH455At9kENOfzTqmF,spotify:track:4VUwkH455At9kENOfzTqmF,https://api.spotify.com/v1/tracks/4VUwkH455At9kENOfzTqmF,https://api.spotify.com/v1/audio-analysis/4VUwkH455At9kENOfzTqmF,180000,4,Pop,2018-08-02,single
76,Let You Love Me,Rita Ora,7475195,https://open.spotify.com/track/5Fla3zyOCcIRqrDoKLU0DP,2019-01-18,2019-01-25,GLB,0.475,0.846,10,-3.344,1,0.283,0.275,0.0,0.0824,0.451,96.036,audio_features,5Fla3zyOCcIRqrDoKLU0DP,spotify:track:5Fla3zyOCcIRqrDoKLU0DP,https://api.spotify.com/v1/tracks/5Fla3zyOCcIRqrDoKLU0DP,https://api.spotify.com/v1/audio-analysis/5Fla3zyOCcIRqrDoKLU0DP,191120,4,Pop,2018-11-23,album
77,2002,Anne-Marie,7447419,https://open.spotify.com/track/2BgEsaKNfHUdlh97KmvFyo,2019-01-18,2019-01-25,GLB,0.697,0.683,1,-2.881,0,0.117,0.0372,0.0,0.137,0.603,96.133,audio_features,2BgEsaKNfHUdlh97KmvFyo,spotify:track:2BgEsaKNfHUdlh97KmvFyo,https://api.spotify.com/v1/tracks/2BgEsaKNfHUdlh97KmvFyo,https://api.spotify.com/v1/audio-analysis/2BgEsaKNfHUdlh97KmvFyo,186987,4,Pop,2018-04-27,album
78,In My Feelings,Drake,7445971,https://open.spotify.com/track/2G7V7zsVDxg1yRsu7Ew9RJ,2019-01-18,2019-01-25,GLB,0.835,0.626,1,-5.833,1,0.125,0.0589,6e-05,0.396,0.35,91.03,audio_features,2G7V7zsVDxg1yRsu7Ew9RJ,spotify:track:2G7V7zsVDxg1yRsu7Ew9RJ,https://api.spotify.com/v1/tracks/2G7V7zsVDxg1yRsu7Ew9RJ,https://api.spotify.com/v1/audio-analysis/2G7V7zsVDxg1yRsu7Ew9RJ,217925,4,Hip hop,2018-06-29,album
79,Reggaeton,J Balvin,7429241,https://open.spotify.com/track/2D3z17LBMJ2HEHeBFFjTLi,2019-01-18,2019-01-25,GLB,0.747,0.74,4,-4.325,0,0.191,0.0165,9.94e-05,0.101,0.552,176.059,audio_features,2D3z17LBMJ2HEHeBFFjTLi,spotify:track:2D3z17LBMJ2HEHeBFFjTLi,https://api.spotify.com/v1/tracks/2D3z17LBMJ2HEHeBFFjTLi,https://api.spotify.com/v1/audio-analysis/2D3z17LBMJ2HEHeBFFjTLi,158800,4,Latin,2018-11-17,single
80,Shape of You,Ed Sheeran,7372309,https://open.spotify.com/track/7qiZfU4dY1lWllzX7mPBI3,2019-01-18,2019-01-25,GLB,0.825,0.652,1,-3.183,0,0.0802,0.581,0.0,0.0931,0.931,95.977,audio_features,7qiZfU4dY1lWllzX7mPBI3,spotify:track:7qiZfU4dY1lWllzX7mPBI3,https://api.spotify.com/v1/tracks/7qiZfU4dY1lWllzX7mPBI3,https://api.spotify.com/v1/audio-analysis/7qiZfU4dY1lWllzX7mPBI3,233713,4,Pop,2017-03-03,album
81,Nonstop,Drake,7294497,https://open.spotify.com/track/0TlLq3lA83rQOYtrqBqSct,2019-01-18,2019-01-25,GLB,0.912,0.412,7,-8.074,1,0.123,0.0165,0.0126,0.104,0.423,154.983,audio_features,0TlLq3lA83rQOYtrqBqSct,spotify:track:0TlLq3lA83rQOYtrqBqSct,https://api.spotify.com/v1/tracks/0TlLq3lA83rQOYtrqBqSct,https://api.spotify.com/v1/audio-analysis/0TlLq3lA83rQOYtrqBqSct,238614,4,Hip hop,2018-06-29,album
82,Rewrite The Stars (with James Arthur & Anne-Marie),James Arthur,7277513,https://open.spotify.com/track/6mQLN3zRtAp6ovjusyYKrV,2019-01-18,2019-01-25,GLB,0.67,0.743,10,-4.993,1,0.0393,0.237,0.0,0.465,0.571,125.944,audio_features,6mQLN3zRtAp6ovjusyYKrV,spotify:track:6mQLN3zRtAp6ovjusyYKrV,https://api.spotify.com/v1/tracks/6mQLN3zRtAp6ovjusyYKrV,https://api.spotify.com/v1/audio-analysis/6mQLN3zRtAp6ovjusyYKrV,218293,4,Pop,2018-10-25,single
83,breathin,Ariana Grande,7232610,https://open.spotify.com/track/4OafepJy2teCjYJbvFE60J,2019-01-18,2019-01-25,GLB,0.568,0.656,8,-5.413,1,0.0433,0.0211,1.37e-05,0.213,0.364,100.049,audio_features,4OafepJy2teCjYJbvFE60J,spotify:track:4OafepJy2teCjYJbvFE60J,https://api.spotify.com/v1/tracks/4OafepJy2teCjYJbvFE60J,https://api.spotify.com/v1/audio-analysis/4OafepJy2teCjYJbvFE60J,198160,4,Pop,2018-08-17,album
84,Say My Name,David Guetta,7057221,https://open.spotify.com/track/0YammaEkYSeo9vQYZ1OwS6,2019-01-18,2019-01-25,GLB,0.703,0.66,10,-5.119,0,0.123,0.137,0.0,0.192,0.79,95.031,audio_features,0YammaEkYSeo9vQYZ1OwS6,spotify:track:0YammaEkYSeo9vQYZ1OwS6,https://api.spotify.com/v1/tracks/0YammaEkYSeo9vQYZ1OwS6,https://api.spotify.com/v1/audio-analysis/0YammaEkYSeo9vQYZ1OwS6,198947,4,Pop,2018-09-14,album
85,monster,21 Savage,7052322,https://open.spotify.com/track/2FUNBaa5DwItJtYEBgAblU,2019-01-18,2019-01-25,GLB,0.89,0.607,9,-6.916,0,0.124,0.158,0.000228,0.118,0.224,134.022,audio_features,2FUNBaa5DwItJtYEBgAblU,spotify:track:2FUNBaa5DwItJtYEBgAblU,https://api.spotify.com/v1/tracks/2FUNBaa5DwItJtYEBgAblU,https://api.spotify.com/v1/audio-analysis/2FUNBaa5DwItJtYEBgAblU,233040,4,Hip hop,2018-12-21,album
86,Nights Like This (feat. Ty Dolla $ign),Kehlani,7037371,https://open.spotify.com/track/7e4KQkp5ZR1gXCAalRjX6B,2019-01-18,2019-01-25,GLB,0.61,0.725,8,-5.131,1,0.15,0.367,0.0,0.154,0.291,146.163,audio_features,7e4KQkp5ZR1gXCAalRjX6B,spotify:track:7e4KQkp5ZR1gXCAalRjX6B,https://api.spotify.com/v1/tracks/7e4KQkp5ZR1gXCAalRjX6B,https://api.spotify.com/v1/audio-analysis/7e4KQkp5ZR1gXCAalRjX6B,201788,4,Pop,2019-01-10,single
87,Undecided,Chris Brown,7013119,https://open.spotify.com/track/7uiBocndm12aKbsdnQ3Scx,2019-01-18,2019-01-25,GLB,0.441,0.527,3,-5.318,1,0.0966,0.172,0.0,0.233,0.589,96.37,audio_features,7uiBocndm12aKbsdnQ3Scx,spotify:track:7uiBocndm12aKbsdnQ3Scx,https://api.spotify.com/v1/tracks/7uiBocndm12aKbsdnQ3Scx,https://api.spotify.com/v1/audio-analysis/7uiBocndm12aKbsdnQ3Scx,187298,4,Pop,2019-01-04,single
88,Te Vi,Piso 21,7003480,https://open.spotify.com/track/059bcIhyc2SBwm6sw2AZzd,2019-01-18,2019-01-25,GLB,0.877,0.777,1,-4.246,1,0.117,0.0446,3.46e-05,0.0863,0.706,102.02,audio_features,059bcIhyc2SBwm6sw2AZzd,spotify:track:059bcIhyc2SBwm6sw2AZzd,https://api.spotify.com/v1/tracks/059bcIhyc2SBwm6sw2AZzd,https://api.spotify.com/v1/audio-analysis/059bcIhyc2SBwm6sw2AZzd,231848,4,Pop,2018-12-14,single
89,Believer,Imagine Dragons,6988224,https://open.spotify.com/track/0pqnGHJpmpxLKifKRmU6WP,2019-01-18,2019-01-25,GLB,0.776,0.78,10,-4.374,0,0.128,0.0622,0.0,0.081,0.666,124.949,audio_features,0pqnGHJpmpxLKifKRmU6WP,spotify:track:0pqnGHJpmpxLKifKRmU6WP,https://api.spotify.com/v1/tracks/0pqnGHJpmpxLKifKRmU6WP,https://api.spotify.com/v1/audio-analysis/0pqnGHJpmpxLKifKRmU6WP,204347,4,Rock,2017-06-23,album
90,Psycho (feat. Ty Dolla $ign),Post Malone,6940641,https://open.spotify.com/track/3swc6WTsr7rl9DqQKQA55C,2019-01-18,2019-01-25,GLB,0.75,0.56,8,-8.094,1,0.105,0.546,0.0,0.111,0.459,140.06,audio_features,3swc6WTsr7rl9DqQKQA55C,spotify:track:3swc6WTsr7rl9DqQKQA55C,https://api.spotify.com/v1/tracks/3swc6WTsr7rl9DqQKQA55C,https://api.spotify.com/v1/audio-analysis/3swc6WTsr7rl9DqQKQA55C,221440,4,Hip hop,2018-04-27,album
91,"Fire On Fire - From ""Watership Down""",Sam Smith,6936477,https://open.spotify.com/track/5rFj8OzffT0iggSjcBaeND,2019-01-18,2019-01-25,GLB,0.584,0.407,1,-7.356,0,0.046,0.476,0.0,0.18,0.341,115.124,audio_features,5rFj8OzffT0iggSjcBaeND,spotify:track:5rFj8OzffT0iggSjcBaeND,https://api.spotify.com/v1/tracks/5rFj8OzffT0iggSjcBaeND,https://api.spotify.com/v1/audio-analysis/5rFj8OzffT0iggSjcBaeND,246735,4,Pop,2018-12-21,single
92,KIKA,6ix9ine,6905067,https://open.spotify.com/track/6Gy7rXB6Ku5vIWC7WGWsl3,2019-01-18,2019-01-25,GLB,0.745,0.715,1,-3.368,0,0.245,0.128,0.0,0.182,0.342,94.513,audio_features,6Gy7rXB6Ku5vIWC7WGWsl3,spotify:track:6Gy7rXB6Ku5vIWC7WGWsl3,https://api.spotify.com/v1/tracks/6Gy7rXB6Ku5vIWC7WGWsl3,https://api.spotify.com/v1/audio-analysis/6Gy7rXB6Ku5vIWC7WGWsl3,136032,4,Hip hop,2018-11-27,album
93,One Kiss (with Dua Lipa),Calvin Harris,6896828,https://open.spotify.com/track/7ef4DlsgrMEH11cDZd32M6,2019-01-18,2019-01-25,GLB,0.791,0.862,9,-3.24,0,0.11,0.037,2.19e-05,0.0814,0.592,123.994,audio_features,7ef4DlsgrMEH11cDZd32M6,spotify:track:7ef4DlsgrMEH11cDZd32M6,https://api.spotify.com/v1/tracks/7ef4DlsgrMEH11cDZd32M6,https://api.spotify.com/v1/audio-analysis/7ef4DlsgrMEH11cDZd32M6,214847,4,Pop,2018-04-06,single
94,Kiss and Make Up,Dua Lipa,6890632,https://open.spotify.com/track/13hvHEstJ4sNbzdroPrPI3,2019-01-18,2019-01-25,GLB,0.675,0.729,8,-4.383,1,0.146,0.0557,0.0,0.189,0.63,99.986,audio_features,13hvHEstJ4sNbzdroPrPI3,spotify:track:13hvHEstJ4sNbzdroPrPI3,https://api.spotify.com/v1/tracks/13hvHEstJ4sNbzdroPrPI3,https://api.spotify.com/v1/audio-analysis/13hvHEstJ4sNbzdroPrPI3,190560,4,Pop,2015,album
95,Butterfly Doors,Lil Pump,6812034,https://open.spotify.com/track/4NdXQlDTzxbOMkzJGWFtz3,2019-01-18,2019-01-25,GLB,0.925,0.397,5,-11.265,1,0.169,0.0889,5.12e-05,0.144,0.429,130.008,audio_features,4NdXQlDTzxbOMkzJGWFtz3,spotify:track:4NdXQlDTzxbOMkzJGWFtz3,https://api.spotify.com/v1/tracks/4NdXQlDTzxbOMkzJGWFtz3,https://api.spotify.com/v1/audio-analysis/4NdXQlDTzxbOMkzJGWFtz3,132923,4,Hip hop,2019-01-04,single
96,MALA,6ix9ine,6776924,https://open.spotify.com/track/0LQ1J0BCzA2qnAgp9MkkNE,2019-01-18,2019-01-25,GLB,0.719,0.825,5,-3.627,0,0.0424,0.689,0.0,0.103,0.789,100.006,audio_features,0LQ1J0BCzA2qnAgp9MkkNE,spotify:track:0LQ1J0BCzA2qnAgp9MkkNE,https://api.spotify.com/v1/tracks/0LQ1J0BCzA2qnAgp9MkkNE,https://api.spotify.com/v1/audio-analysis/0LQ1J0BCzA2qnAgp9MkkNE,206550,4,Hip hop,2018-11-27,album
97,Cuando Te Besé,Becky G,6752747,https://open.spotify.com/track/2XXMDz7SPZ4mSFN1PXfHUy,2019-01-18,2019-01-25,GLB,0.772,0.732,9,-3.713,0,0.213,0.307,5.14e-06,0.106,0.295,100.048,audio_features,2XXMDz7SPZ4mSFN1PXfHUy,spotify:track:2XXMDz7SPZ4mSFN1PXfHUy,https://api.spotify.com/v1/tracks/2XXMDz7SPZ4mSFN1PXfHUy,https://api.spotify.com/v1/audio-analysis/2XXMDz7SPZ4mSFN1PXfHUy,254383,4,Pop,2018-08-02,single
98,Another One Bites The Dust - Remastered 2011,Queen,6720050,https://open.spotify.com/track/5vdp5UmvTsnMEMESIF2Ym7,2019-01-18,2019-01-25,GLB,0.933,0.528,5,-6.472,0,0.161,0.112,0.312,0.163,0.754,109.967,audio_features,5vdp5UmvTsnMEMESIF2Ym7,spotify:track:5vdp5UmvTsnMEMESIF2Ym7,https://api.spotify.com/v1/tracks/5vdp5UmvTsnMEMESIF2Ym7,https://api.spotify.com/v1/audio-analysis/5vdp5UmvTsnMEMESIF2Ym7,214653,4,Rock,1980-06-27,album
99,Perfect,Ed Sheeran,6675074,https://open.spotify.com/track/0tgVpDi06FyKpA1z0VMD4v,2019-01-18,2019-01-25,GLB,0.599,0.448,8,-6.312,1,0.0232,0.163,0.0,0.106,0.168,95.05,audio_features,0tgVpDi06FyKpA1z0VMD4v,spotify:track:0tgVpDi06FyKpA1z0VMD4v,https://api.spotify.com/v1/tracks/0tgVpDi06FyKpA1z0VMD4v,https://api.spotify.com/v1/audio-analysis/0tgVpDi06FyKpA1z0VMD4v,263400,3,Pop,2017-03-03,album
100,idontwannabeyouanymore,Billie Eilish,6650744,https://open.spotify.com/track/40T5GIqQ1CegGm2PTEl8Bu,2019-01-18,2019-01-25,GLB,0.483,0.412,7,-8.461,1,0.0402,0.737,0.0,0.116,0.247,170.163,audio_features,40T5GIqQ1CegGm2PTEl8Bu,spotify:track:40T5GIqQ1CegGm2PTEl8Bu,https://api.spotify.com/v1/tracks/40T5GIqQ1CegGm2PTEl8Bu,https://api.spotify.com/v1/audio-analysis/40T5GIqQ1CegGm2PTEl8Bu,203569,3,Pop,2017-08-11,single
101,Don't Stop Me Now - Remastered 2011,Queen,6633234,https://open.spotify.com/track/5T8EDUDqKcs6OSOwEsfqG7,2019-01-18,2019-01-25,GLB,0.559,0.868,5,-5.276,1,0.17,0.0475,0.000176,0.776,0.609,156.295,audio_features,5T8EDUDqKcs6OSOwEsfqG7,spotify:track:5T8EDUDqKcs6OSOwEsfqG7,https://api.spotify.com/v1/tracks/5T8EDUDqKcs6OSOwEsfqG7,https://api.spotify.com/v1/audio-analysis/5T8EDUDqKcs6OSOwEsfqG7,209413,4,Rock,1978-11-10,album
102,Armed And Dangerous,Juice WRLD,6553970,https://open.spotify.com/track/5wujBwqG7INdStqGd4tRMX,2019-01-18,2019-01-25,GLB,0.736,0.67,10,-6.702,1,0.311,0.186,0.0,0.114,0.845,130.032,audio_features,5wujBwqG7INdStqGd4tRMX,spotify:track:5wujBwqG7INdStqGd4tRMX,https://api.spotify.com/v1/tracks/5wujBwqG7INdStqGd4tRMX,https://api.spotify.com/v1/audio-analysis/5wujBwqG7INdStqGd4tRMX,169999,4,Hip hop,2018-12-10,album
103,No Stylist (feat. Drake),French Montana,6528134,https://open.spotify.com/track/04MLEeAMuV9IlHEsD8vF6A,2019-01-18,2019-01-25,GLB,0.765,0.704,5,-4.589,0,0.127,0.0215,0.0,0.227,0.498,147.055,audio_features,04MLEeAMuV9IlHEsD8vF6A,spotify:track:04MLEeAMuV9IlHEsD8vF6A,https://api.spotify.com/v1/tracks/04MLEeAMuV9IlHEsD8vF6A,https://api.spotify.com/v1/audio-analysis/04MLEeAMuV9IlHEsD8vF6A,192172,4,Hip hop,2018-09-20,single
104,Solo (feat. Demi Lovato),Clean Bandit,6501722,https://open.spotify.com/track/3NuK5xMlSlB6K2Qp16zf3h,2019-01-18,2019-01-25,GLB,0.74,0.622,11,-4.608,0,0.0446,0.0357,4.85e-05,0.356,0.556,104.966,audio_features,3NuK5xMlSlB6K2Qp16zf3h,spotify:track:3NuK5xMlSlB6K2Qp16zf3h,https://api.spotify.com/v1/tracks/3NuK5xMlSlB6K2Qp16zf3h,https://api.spotify.com/v1/audio-analysis/3NuK5xMlSlB6K2Qp16zf3h,222707,4,Pop,2018-11-30,album
105,BEBE,6ix9ine,6447772,https://open.spotify.com/track/4KkUjFkcQvGvWekl8RATDn,2019-01-18,2019-01-25,GLB,0.635,0.902,0,-3.559,1,0.109,0.172,0.0,0.125,0.286,102.063,audio_features,4KkUjFkcQvGvWekl8RATDn,spotify:track:4KkUjFkcQvGvWekl8RATDn,https://api.spotify.com/v1/tracks/4KkUjFkcQvGvWekl8RATDn,https://api.spotify.com/v1/audio-analysis/4KkUjFkcQvGvWekl8RATDn,217822,4,Hip hop,2018-11-27,album
106,I Like Me Better,Lauv,6445987,https://open.spotify.com/track/2P91MQbaiQOfbiz9VqhqKQ,2019-01-18,2019-01-25,GLB,0.752,0.505,9,-7.621,1,0.253,0.535,2.55e-06,0.104,0.419,91.97,audio_features,2P91MQbaiQOfbiz9VqhqKQ,spotify:track:2P91MQbaiQOfbiz9VqhqKQ,https://api.spotify.com/v1/tracks/2P91MQbaiQOfbiz9VqhqKQ,https://api.spotify.com/v1/audio-analysis/2P91MQbaiQOfbiz9VqhqKQ,197437,4,Pop,2018-05-31,album
107,YOSEMITE,Travis Scott,6366943,https://open.spotify.com/track/7lAK3oHbfEnvUQWosrMMpR,2019-01-18,2019-01-25,GLB,0.785,0.554,0,-6.571,1,0.0409,0.283,3.4e-06,0.116,0.144,128.047,audio_features,7lAK3oHbfEnvUQWosrMMpR,spotify:track:7lAK3oHbfEnvUQWosrMMpR,https://api.spotify.com/v1/tracks/7lAK3oHbfEnvUQWosrMMpR,https://api.spotify.com/v1/audio-analysis/7lAK3oHbfEnvUQWosrMMpR,150043,4,Hip hop,2018-08-03,album
108,Let Me Down Slowly,Alec Benjamin,6360657,https://open.spotify.com/track/2qxmye6gAegTMjLKEBoR3d,2019-01-18,2019-01-25,GLB,0.652,0.557,1,-5.714,0,0.0318,0.74,0.0,0.124,0.483,150.073,audio_features,2qxmye6gAegTMjLKEBoR3d,spotify:track:2qxmye6gAegTMjLKEBoR3d,https://api.spotify.com/v1/tracks/2qxmye6gAegTMjLKEBoR3d,https://api.spotify.com/v1/audio-analysis/2qxmye6gAegTMjLKEBoR3d,169354,4,Pop,2018-11-16,album
109,IDGAF,Dua Lipa,6356736,https://open.spotify.com/track/76cy1WJvNGJTj78UqeA5zr,2019-01-18,2019-01-25,GLB,0.836,0.544,7,-5.975,1,0.0943,0.0403,0.0,0.0824,0.51,97.028,audio_features,76cy1WJvNGJTj78UqeA5zr,spotify:track:76cy1WJvNGJTj78UqeA5zr,https://api.spotify.com/v1/tracks/76cy1WJvNGJTj78UqeA5zr,https://api.spotify.com/v1/audio-analysis/76cy1WJvNGJTj78UqeA5zr,217947,4,Pop,2017-06-02,album
110,God is a woman,Ariana Grande,6344806,https://open.spotify.com/track/5OCJzvD7sykQEKHH7qAC3C,2019-01-18,2019-01-25,GLB,0.602,0.658,1,-5.934,1,0.0558,0.0233,6e-05,0.237,0.268,145.031,audio_features,5OCJzvD7sykQEKHH7qAC3C,spotify:track:5OCJzvD7sykQEKHH7qAC3C,https://api.spotify.com/v1/tracks/5OCJzvD7sykQEKHH7qAC3C,https://api.spotify.com/v1/audio-analysis/5OCJzvD7sykQEKHH7qAC3C,197547,4,Pop,2018-08-17,album
111,MIDDLE CHILD,J. Cole,6236225,https://open.spotify.com/track/2JvzF1RMd7lE3KmFlsyZD8,2019-01-18,2019-01-25,GLB,0.837,0.364,8,-11.713,1,0.276,0.149,0.0,0.271,0.463,123.984,audio_features,2JvzF1RMd7lE3KmFlsyZD8,spotify:track:2JvzF1RMd7lE3KmFlsyZD8,https://api.spotify.com/v1/tracks/2JvzF1RMd7lE3KmFlsyZD8,https://api.spotify.com/v1/audio-analysis/2JvzF1RMd7lE3KmFlsyZD8,213594,4,Hip hop,2019-01-23,single
112,changes,XXXTENTACION,6198172,https://open.spotify.com/track/7AFASza1mXqntmGtbxXprO,2019-01-18,2019-01-25,GLB,0.669,0.308,11,-10.068,1,0.029,0.883,0.0,0.0984,0.52,64.934,audio_features,7AFASza1mXqntmGtbxXprO,spotify:track:7AFASza1mXqntmGtbxXprO,https://api.spotify.com/v1/tracks/7AFASza1mXqntmGtbxXprO,https://api.spotify.com/v1/audio-analysis/7AFASza1mXqntmGtbxXprO,121887,4,Hip hop,2018-03-16,album
113,Thunder,Imagine Dragons,6086453,https://open.spotify.com/track/1zB4vmk8tFRmM9UULNzbLB,2019-01-18,2019-01-25,GLB,0.605,0.822,0,-4.833,1,0.0438,0.00671,0.134,0.147,0.288,167.997,audio_features,1zB4vmk8tFRmM9UULNzbLB,spotify:track:1zB4vmk8tFRmM9UULNzbLB,https://api.spotify.com/v1/tracks/1zB4vmk8tFRmM9UULNzbLB,https://api.spotify.com/v1/audio-analysis/1zB4vmk8tFRmM9UULNzbLB,187147,4,Rock,2017-06-23,album
114,Falling Down - Bonus Track,Lil Peep,6082291,https://open.spotify.com/track/4jvjzW7Hm0yK4LvvE0Paz9,2019-01-18,2019-01-25,GLB,0.669,0.574,4,-6.442,0,0.0286,0.0175,0.00294,0.146,0.273,120.013,audio_features,4jvjzW7Hm0yK4LvvE0Paz9,spotify:track:4jvjzW7Hm0yK4LvvE0Paz9,https://api.spotify.com/v1/tracks/4jvjzW7Hm0yK4LvvE0Paz9,https://api.spotify.com/v1/audio-analysis/4jvjzW7Hm0yK4LvvE0Paz9,196400,4,Hip hop,2018-11-09,album
115,Ya No Tiene Novio,Sebastian Yatra,6078610,https://open.spotify.com/track/7uQmJ1jgNzBpATSoWKSPFu,2019-01-18,2019-01-25,GLB,0.632,0.832,7,-1.948,0,0.154,0.048,0.0,0.0705,0.784,182.184,audio_features,7uQmJ1jgNzBpATSoWKSPFu,spotify:track:7uQmJ1jgNzBpATSoWKSPFu,https://api.spotify.com/v1/tracks/7uQmJ1jgNzBpATSoWKSPFu,https://api.spotify.com/v1/audio-analysis/7uQmJ1jgNzBpATSoWKSPFu,198933,4,Pop,2018-08-10,single
116,Roses (with Juice WRLD feat. Brendon Urie),benny blanco,6075278,https://open.spotify.com/track/1KVczjazCcCCgM3gXXUl47,2019-01-18,2019-01-25,GLB,0.612,0.601,8,-7.089,1,0.164,0.168,0.0,0.117,0.525,147.018,audio_features,1KVczjazCcCCgM3gXXUl47,spotify:track:1KVczjazCcCCgM3gXXUl47,https://api.spotify.com/v1/tracks/1KVczjazCcCCgM3gXXUl47,https://api.spotify.com/v1/audio-analysis/1KVczjazCcCCgM3gXXUl47,223543,4,Pop,2018-12-07,album
117,Créeme,KAROL G,6027558,https://open.spotify.com/track/1mT47pKLXUwPYGwB91GcNz,2019-01-18,2019-01-25,GLB,0.715,0.872,6,-3.501,1,0.0547,0.154,0.000146,0.11,0.682,96.939,audio_features,1mT47pKLXUwPYGwB91GcNz,spotify:track:1mT47pKLXUwPYGwB91GcNz,https://api.spotify.com/v1/tracks/1mT47pKLXUwPYGwB91GcNz,https://api.spotify.com/v1/audio-analysis/1mT47pKLXUwPYGwB91GcNz,212493,4,Latin,2018-11-02,single
118,Too Good At Goodbyes,Sam Smith,6008781,https://open.spotify.com/track/1mXVgsBdtIVeCLJnSnmtdV,2019-01-18,2019-01-25,GLB,0.681,0.372,5,-8.237,1,0.0432,0.64,0.0,0.169,0.476,91.873,audio_features,1mXVgsBdtIVeCLJnSnmtdV,spotify:track:1mXVgsBdtIVeCLJnSnmtdV,https://api.spotify.com/v1/tracks/1mXVgsBdtIVeCLJnSnmtdV,https://api.spotify.com/v1/audio-analysis/1mXVgsBdtIVeCLJnSnmtdV,201000,4,Pop,2017-11-03,album
119,Splashin,Rich The Kid,6003048,https://open.spotify.com/track/79OEIr4J4FHV0O3KrhaXRb,2019-01-18,2019-01-25,GLB,0.942,0.383,10,-8.099,1,0.565,0.00195,0.0,0.0922,0.38,100.021,audio_features,79OEIr4J4FHV0O3KrhaXRb,spotify:track:79OEIr4J4FHV0O3KrhaXRb,https://api.spotify.com/v1/tracks/79OEIr4J4FHV0O3KrhaXRb,https://api.spotify.com/v1/audio-analysis/79OEIr4J4FHV0O3KrhaXRb,177806,4,Hip hop,2018-12-04,single
120,BAD!,XXXTENTACION,5987440,https://open.spotify.com/track/22An65gG31JLf9n18qjdhZ,2019-01-18,2019-01-25,GLB,0.78,0.492,5,-3.4,0,0.0671,0.0643,0.0313,0.174,0.374,143.983,audio_features,22An65gG31JLf9n18qjdhZ,spotify:track:22An65gG31JLf9n18qjdhZ,https://api.spotify.com/v1/tracks/22An65gG31JLf9n18qjdhZ,https://api.spotify.com/v1/audio-analysis/22An65gG31JLf9n18qjdhZ,94246,4,Hip hop,2018-12-07,album
121,This Feeling,The Chainsmokers,5980932,https://open.spotify.com/track/4NBTZtAt1F13VvlSKe6KTl,2019-01-18,2019-01-25,GLB,0.575,0.571,1,-7.906,1,0.0439,0.0558,0.0,0.0912,0.449,105.049,audio_features,4NBTZtAt1F13VvlSKe6KTl,spotify:track:4NBTZtAt1F13VvlSKe6KTl,https://api.spotify.com/v1/tracks/4NBTZtAt1F13VvlSKe6KTl,https://api.spotify.com/v1/audio-analysis/4NBTZtAt1F13VvlSKe6KTl,197947,4,Pop,2018-12-14,album
122,Havana (feat. Young Thug),Camila Cabello,5980867,https://open.spotify.com/track/1rfofaqEpACxVEHIZBJe6W,2019-01-18,2019-01-25,GLB,0.765,0.523,2,-4.333,1,0.03,0.184,3.56e-05,0.132,0.394,104.988,audio_features,1rfofaqEpACxVEHIZBJe6W,spotify:track:1rfofaqEpACxVEHIZBJe6W,https://api.spotify.com/v1/tracks/1rfofaqEpACxVEHIZBJe6W,https://api.spotify.com/v1/audio-analysis/1rfofaqEpACxVEHIZBJe6W,217307,4,Pop,2018-01-12,album
123,Best Part (feat. Daniel Caesar),H.E.R.,5975363,https://open.spotify.com/track/4OBZT9EnhYIV17t4pGw7ig,2019-01-18,2019-01-25,GLB,0.473,0.371,4,-10.219,0,0.0405,0.795,0.0,0.109,0.413,75.208,audio_features,4OBZT9EnhYIV17t4pGw7ig,spotify:track:4OBZT9EnhYIV17t4pGw7ig,https://api.spotify.com/v1/tracks/4OBZT9EnhYIV17t4pGw7ig,https://api.spotify.com/v1/audio-analysis/4OBZT9EnhYIV17t4pGw7ig,209400,4,Soul and R&B,2017-10-20,album
124,Shotgun,George Ezra,5950603,https://open.spotify.com/track/4ofwffwvvnbSkrMSCKQDaC,2019-01-18,2019-01-25,GLB,0.673,0.735,5,-4.733,1,0.0457,0.286,0.0,0.242,0.754,115.744,audio_features,4ofwffwvvnbSkrMSCKQDaC,spotify:track:4ofwffwvvnbSkrMSCKQDaC,https://api.spotify.com/v1/tracks/4ofwffwvvnbSkrMSCKQDaC,https://api.spotify.com/v1/audio-analysis/4ofwffwvvnbSkrMSCKQDaC,201287,4,Pop,2018-03-23,album
125,FEFE,6ix9ine,5920981,https://open.spotify.com/track/4QIyEq7TcTdAcxjI2AFlAK,2019-01-18,2019-01-25,GLB,0.931,0.387,1,-9.127,1,0.412,0.088,0.0,0.136,0.376,125.978,audio_features,4QIyEq7TcTdAcxjI2AFlAK,spotify:track:4QIyEq7TcTdAcxjI2AFlAK,https://api.spotify.com/v1/tracks/4QIyEq7TcTdAcxjI2AFlAK,https://api.spotify.com/v1/audio-analysis/4QIyEq7TcTdAcxjI2AFlAK,179405,4,Hip hop,2018-11-27,album
126,Te Boté - Remix,Nio Garcia,5895098,https://open.spotify.com/track/3V8UKqhEK5zBkBb6d6ub8i,2019-01-18,2019-01-25,GLB,0.903,0.675,11,-3.445,0,0.214,0.542,1.28e-05,0.0595,0.442,96.507,audio_features,3V8UKqhEK5zBkBb6d6ub8i,spotify:track:3V8UKqhEK5zBkBb6d6ub8i,https://api.spotify.com/v1/tracks/3V8UKqhEK5zBkBb6d6ub8i,https://api.spotify.com/v1/audio-analysis/3V8UKqhEK5zBkBb6d6ub8i,417920,4,Latin,2018-04-13,single
127,Space Cadet (feat. Gunna),Metro Boomin,5885691,https://open.spotify.com/track/1fewSx2d5KIZ04wsooEBOz,2019-01-18,2019-01-25,GLB,0.901,0.464,5,-9.789,0,0.0645,0.368,1.71e-05,0.238,0.638,109.004,audio_features,1fewSx2d5KIZ04wsooEBOz,spotify:track:1fewSx2d5KIZ04wsooEBOz,https://api.spotify.com/v1/tracks/1fewSx2d5KIZ04wsooEBOz,https://api.spotify.com/v1/audio-analysis/1fewSx2d5KIZ04wsooEBOz,203267,4,Hip hop,2018-11-06,album
128,I Fall Apart,Post Malone,5863791,https://open.spotify.com/track/75ZvA4QfFiZvzhj2xkaWAh,2019-01-18,2019-01-25,GLB,0.556,0.538,8,-5.408,0,0.0382,0.0689,0.0,0.196,0.291,143.95,audio_features,75ZvA4QfFiZvzhj2xkaWAh,spotify:track:75ZvA4QfFiZvzhj2xkaWAh,https://api.spotify.com/v1/tracks/75ZvA4QfFiZvzhj2xkaWAh,https://api.spotify.com/v1/audio-analysis/75ZvA4QfFiZvzhj2xkaWAh,223347,4,Hip hop,2016-12-09,album
129,Happy Now,Kygo,5853211,https://open.spotify.com/track/14sOS5L36385FJ3OL8hew4,2019-01-18,2019-01-25,GLB,0.693,0.575,9,-6.998,1,0.0801,0.374,0.0,0.252,0.492,117.999,audio_features,14sOS5L36385FJ3OL8hew4,spotify:track:14sOS5L36385FJ3OL8hew4,https://api.spotify.com/v1/tracks/14sOS5L36385FJ3OL8hew4,https://api.spotify.com/v1/audio-analysis/14sOS5L36385FJ3OL8hew4,211362,4,Pop,2018-10-26,single
130,The Middle,Zedd,5803287,https://open.spotify.com/track/09IStsImFySgyp0pIQdqAc,2019-01-18,2019-01-25,GLB,0.753,0.657,7,-3.061,1,0.0449,0.171,0.0,0.112,0.437,107.01,audio_features,09IStsImFySgyp0pIQdqAc,spotify:track:09IStsImFySgyp0pIQdqAc,https://api.spotify.com/v1/tracks/09IStsImFySgyp0pIQdqAc,https://api.spotify.com/v1/audio-analysis/09IStsImFySgyp0pIQdqAc,184732,4,Pop,2018-01-23,single
131,I Love It (& Lil Pump),Kanye West,5779066,https://open.spotify.com/track/4S8d14HvHb70ImctNgVzQQ,2019-01-18,2019-01-25,GLB,0.901,0.522,2,-8.304,1,0.33,0.0114,0.0,0.259,0.329,104.053,audio_features,4S8d14HvHb70ImctNgVzQQ,spotify:track:4S8d14HvHb70ImctNgVzQQ,https://api.spotify.com/v1/tracks/4S8d14HvHb70ImctNgVzQQ,https://api.spotify.com/v1/audio-analysis/4S8d14HvHb70ImctNgVzQQ,127947,4,Hip hop,2018-09-07,single
132,Say You Won't Let Go,James Arthur,5773405,https://open.spotify.com/track/5uCax9HTNlzGybIStD3vDh,2019-01-18,2019-01-25,GLB,0.358,0.557,10,-7.398,1,0.059,0.695,0.0,0.0902,0.494,85.043,audio_features,5uCax9HTNlzGybIStD3vDh,spotify:track:5uCax9HTNlzGybIStD3vDh,https://api.spotify.com/v1/tracks/5uCax9HTNlzGybIStD3vDh,https://api.spotify.com/v1/audio-analysis/5uCax9HTNlzGybIStD3vDh,211467,4,Pop,2016-10-28,album
133,Swervin (feat. 6ix9ine),A Boogie Wit da Hoodie,5759252,https://open.spotify.com/track/1wJRveJZLSb1rjhnUHQiv6,2019-01-18,2019-01-25,GLB,0.581,0.662,9,-5.239,1,0.303,0.0153,0.0,0.111,0.434,93.023,audio_features,1wJRveJZLSb1rjhnUHQiv6,spotify:track:1wJRveJZLSb1rjhnUHQiv6,https://api.spotify.com/v1/tracks/1wJRveJZLSb1rjhnUHQiv6,https://api.spotify.com/v1/audio-analysis/1wJRveJZLSb1rjhnUHQiv6,189487,4,Hip hop,2018-12-21,album
134,Mile High,James Blake,5687330,https://open.spotify.com/track/64ydkbrt0xhdJXRaam06Mc,2019-01-18,2019-01-25,GLB,0.754,0.37,6,-9.854,0,0.12,0.403,6.22e-05,0.107,0.228,114.941,audio_features,64ydkbrt0xhdJXRaam06Mc,spotify:track:64ydkbrt0xhdJXRaam06Mc,https://api.spotify.com/v1/tracks/64ydkbrt0xhdJXRaam06Mc,https://api.spotify.com/v1/audio-analysis/64ydkbrt0xhdJXRaam06Mc,193600,4,Soul and R&B,2019-01-18,album
135,New Rules,Dua Lipa,5677513,https://open.spotify.com/track/2xJCMIJfcNYDc5iR0sAm2O,2019-01-18,2019-01-25,GLB,0.762,0.7,9,-6.021,0,0.0694,0.00261,1.56e-05,0.153,0.608,116.073,audio_features,2xJCMIJfcNYDc5iR0sAm2O,spotify:track:2xJCMIJfcNYDc5iR0sAm2O,https://api.spotify.com/v1/tracks/2xJCMIJfcNYDc5iR0sAm2O,https://api.spotify.com/v1/audio-analysis/2xJCMIJfcNYDc5iR0sAm2O,209320,4,Pop,2015,album
136,Rise,Jonas Blue,5645925,https://open.spotify.com/track/3KLygy1YWhmrQx0GRs7IOx,2019-01-18,2019-01-25,GLB,0.687,0.785,1,-4.65,1,0.0333,0.327,0.0,0.203,0.655,106.046,audio_features,3KLygy1YWhmrQx0GRs7IOx,spotify:track:3KLygy1YWhmrQx0GRs7IOx,https://api.spotify.com/v1/tracks/3KLygy1YWhmrQx0GRs7IOx,https://api.spotify.com/v1/audio-analysis/3KLygy1YWhmrQx0GRs7IOx,194408,4,Pop,2018-11-09,album
137,Lie To Me (feat. Julia Michaels),5 Seconds of Summer,5638330,https://open.spotify.com/track/6GzApXoBQiiAjak3tOQfV3,2019-01-18,2019-01-25,GLB,0.611,0.52,0,-5.445,1,0.0346,0.0132,0.0,0.105,0.771,159.927,audio_features,6GzApXoBQiiAjak3tOQfV3,spotify:track:6GzApXoBQiiAjak3tOQfV3,https://api.spotify.com/v1/tracks/6GzApXoBQiiAjak3tOQfV3,https://api.spotify.com/v1/audio-analysis/6GzApXoBQiiAjak3tOQfV3,149878,4,Pop,2018-12-21,single
138,Under Pressure - Remastered 2011,Queen,5630826,https://open.spotify.com/track/2fuCquhmrzHpu5xcA1ci9x,2019-01-18,2019-01-25,GLB,0.671,0.712,2,-7.815,1,0.0476,0.429,0.0,0.103,0.462,113.805,audio_features,2fuCquhmrzHpu5xcA1ci9x,spotify:track:2fuCquhmrzHpu5xcA1ci9x,https://api.spotify.com/v1/tracks/2fuCquhmrzHpu5xcA1ci9x,https://api.spotify.com/v1/audio-analysis/2fuCquhmrzHpu5xcA1ci9x,248440,4,Rock,1982-05-03,album
139,Fuck Love (feat. Trippie Redd),XXXTENTACION,5624912,https://open.spotify.com/track/7AQim7LbvFVZJE3O8TYgf2,2019-01-18,2019-01-25,GLB,0.797,0.533,0,-9.74,0,0.0412,0.0172,0.000152,0.103,0.329,131.036,audio_features,7AQim7LbvFVZJE3O8TYgf2,spotify:track:7AQim7LbvFVZJE3O8TYgf2,https://api.spotify.com/v1/tracks/7AQim7LbvFVZJE3O8TYgf2,https://api.spotify.com/v1/audio-analysis/7AQim7LbvFVZJE3O8TYgf2,146520,4,Hip hop,2017-08-25,album
140,Someone You Loved,Lewis Capaldi,5621433,https://open.spotify.com/track/2TIlqbIneP0ZY1O0EzYLlc,2019-01-18,2019-01-25,GLB,0.501,0.405,1,-5.679,1,0.0319,0.751,0.0,0.105,0.446,109.891,audio_features,2TIlqbIneP0ZY1O0EzYLlc,spotify:track:2TIlqbIneP0ZY1O0EzYLlc,https://api.spotify.com/v1/tracks/2TIlqbIneP0ZY1O0EzYLlc,https://api.spotify.com/v1/audio-analysis/2TIlqbIneP0ZY1O0EzYLlc,182161,4,Pop,2018-11-08,single
141,Culpables,KAROL G,5549843,https://open.spotify.com/track/6q8Lb50EtqNeeJXXe8mMAH,2019-01-18,2019-01-25,GLB,0.728,0.801,8,-2.942,0,0.0683,0.279,4.71e-06,0.143,0.416,130.059,audio_features,6q8Lb50EtqNeeJXXe8mMAH,spotify:track:6q8Lb50EtqNeeJXXe8mMAH,https://api.spotify.com/v1/tracks/6q8Lb50EtqNeeJXXe8mMAH,https://api.spotify.com/v1/audio-analysis/6q8Lb50EtqNeeJXXe8mMAH,226627,4,Latin,2018-09-14,single
142,Back To You - From 13 Reasons Why – Season 2 Soundtrack,Selena Gomez,5504907,https://open.spotify.com/track/4hQ6UGyWQIGJmHSo0J88JW,2019-01-18,2019-01-25,GLB,0.601,0.724,6,-4.856,1,0.0486,0.0945,1.68e-06,0.12,0.508,102.061,audio_features,4hQ6UGyWQIGJmHSo0J88JW,spotify:track:4hQ6UGyWQIGJmHSo0J88JW,https://api.spotify.com/v1/tracks/4hQ6UGyWQIGJmHSo0J88JW,https://api.spotify.com/v1/audio-analysis/4hQ6UGyWQIGJmHSo0J88JW,207905,4,Pop,2018-05-10,single
143,Electricity (with Dua Lipa),Silk City,5485879,https://open.spotify.com/track/5N4erncE7kuUccm7zEmwzk,2019-01-18,2019-01-25,GLB,0.588,0.67,0,-6.439,1,0.0473,0.0104,3.33e-06,0.338,0.505,118.159,audio_features,5N4erncE7kuUccm7zEmwzk,spotify:track:5N4erncE7kuUccm7zEmwzk,https://api.spotify.com/v1/tracks/5N4erncE7kuUccm7zEmwzk,https://api.spotify.com/v1/audio-analysis/5N4erncE7kuUccm7zEmwzk,238173,4,Electronic,2018-09-06,single
144,Fine China,Future,5477851,https://open.spotify.com/track/5274I4mUMnYczyeXkGDWZN,2019-01-18,2019-01-25,GLB,0.656,0.542,7,-7.358,1,0.323,0.0484,0.0,0.126,0.551,166.111,audio_features,5274I4mUMnYczyeXkGDWZN,spotify:track:5274I4mUMnYczyeXkGDWZN,https://api.spotify.com/v1/tracks/5274I4mUMnYczyeXkGDWZN,https://api.spotify.com/v1/audio-analysis/5274I4mUMnYczyeXkGDWZN,141587,4,Hip hop,2018-10-19,album
145,Noticed,Lil Mosey,5475910,https://open.spotify.com/track/6JQvHMSaR8flFsN53ypOfP,2019-01-18,2019-01-25,GLB,0.699,0.558,11,-7.622,1,0.0603,0.462,0.0,0.116,0.493,79.992,audio_features,6JQvHMSaR8flFsN53ypOfP,spotify:track:6JQvHMSaR8flFsN53ypOfP,https://api.spotify.com/v1/tracks/6JQvHMSaR8flFsN53ypOfP,https://api.spotify.com/v1/audio-analysis/6JQvHMSaR8flFsN53ypOfP,165000,4,Hip hop,2018-10-19,album
146,FRIENDS,Marshmello,5469978,https://open.spotify.com/track/08bNPGLD8AhKpnnERrAc6G,2019-01-18,2019-01-25,GLB,0.626,0.88,9,-2.384,0,0.0504,0.205,0.0,0.128,0.534,95.079,audio_features,08bNPGLD8AhKpnnERrAc6G,spotify:track:08bNPGLD8AhKpnnERrAc6G,https://api.spotify.com/v1/tracks/08bNPGLD8AhKpnnERrAc6G,https://api.spotify.com/v1/audio-analysis/08bNPGLD8AhKpnnERrAc6G,202621,4,Pop,2018-02-09,single
147,Always Remember Us This Way,Lady Gaga,5449652,https://open.spotify.com/track/2rbDhOo9Fh61Bbu23T2qCk,2019-01-18,2019-01-25,GLB,0.553,0.502,0,-5.972,1,0.0409,0.299,0.0,0.764,0.296,129.976,audio_features,2rbDhOo9Fh61Bbu23T2qCk,spotify:track:2rbDhOo9Fh61Bbu23T2qCk,https://api.spotify.com/v1/tracks/2rbDhOo9Fh61Bbu23T2qCk,https://api.spotify.com/v1/audio-analysis/2rbDhOo9Fh61Bbu23T2qCk,210200,4,Pop,2018-10-05,album
148,Meant to Be (feat. Florida Georgia Line),Bebe Rexha,5416639,https://open.spotify.com/track/4e4fqjx0Izh4svvTef1z7e,2019-01-18,2019-01-25,GLB,0.642,0.772,10,-6.61,1,0.0848,0.0476,0.0,0.0646,0.589,153.995,audio_features,4e4fqjx0Izh4svvTef1z7e,spotify:track:4e4fqjx0Izh4svvTef1z7e,https://api.spotify.com/v1/tracks/4e4fqjx0Izh4svvTef1z7e,https://api.spotify.com/v1/audio-analysis/4e4fqjx0Izh4svvTef1z7e,164205,4,Pop,2018-06-22,album
149,Asesina - Remix,Brytiago,5366409,https://open.spotify.com/track/59PYgzOiOjGDzjDT5N5oOX,2019-01-18,2019-01-25,GLB,0.825,0.69,10,-4.252,0,0.226,0.589,0.0,0.413,0.516,94.194,audio_features,59PYgzOiOjGDzjDT5N5oOX,spotify:track:59PYgzOiOjGDzjDT5N5oOX,https://api.spotify.com/v1/tracks/59PYgzOiOjGDzjDT5N5oOX,https://api.spotify.com/v1/audio-analysis/59PYgzOiOjGDzjDT5N5oOX,327467,4,Latin,2018-10-31,single
150,Trampoline,SHAED,5359369,https://open.spotify.com/track/0lsRatBUs9HNIZAmoGABzk,2019-01-18,2019-01-25,GLB,0.689,0.412,7,-7.523,0,0.0301,0.488,0.00016,0.0659,0.537,126.754,audio_features,0lsRatBUs9HNIZAmoGABzk,spotify:track:0lsRatBUs9HNIZAmoGABzk,https://api.spotify.com/v1/tracks/0lsRatBUs9HNIZAmoGABzk,https://api.spotify.com/v1/audio-analysis/0lsRatBUs9HNIZAmoGABzk,184060,4,Pop,2018-09-21,single
151,SOLO,JENNIE,5337489,https://open.spotify.com/track/2wVDWtLKXunswWecARNILj,2019-01-18,2019-01-25,GLB,0.751,0.642,3,-5.165,0,0.087,0.0861,0.0,0.0953,0.388,95.045,audio_features,2wVDWtLKXunswWecARNILj,spotify:track:2wVDWtLKXunswWecARNILj,https://api.spotify.com/v1/tracks/2wVDWtLKXunswWecARNILj,https://api.spotify.com/v1/audio-analysis/2wVDWtLKXunswWecARNILj,169567,4,Pop,2018-11-12,single
152,Amigos Con Derechos,Reik,5322672,https://open.spotify.com/track/2zDj4WjbNDmrRL6Z4YjjCA,2019-01-18,2019-01-25,GLB,0.686,0.807,1,-3.324,1,0.0613,0.0481,0.0,0.0652,0.63,183.971,audio_features,2zDj4WjbNDmrRL6Z4YjjCA,spotify:track:2zDj4WjbNDmrRL6Z4YjjCA,https://api.spotify.com/v1/tracks/2zDj4WjbNDmrRL6Z4YjjCA,https://api.spotify.com/v1/audio-analysis/2zDj4WjbNDmrRL6Z4YjjCA,227476,4,Latin,2018-08-31,single
153,I'm a Mess,Bebe Rexha,5308978,https://open.spotify.com/track/04ZTP5KsCypmtCmQg5tH9R,2019-01-18,2019-01-25,GLB,0.63,0.694,11,-6.257,0,0.0253,0.00281,0.0,0.0719,0.216,97.005,audio_features,04ZTP5KsCypmtCmQg5tH9R,spotify:track:04ZTP5KsCypmtCmQg5tH9R,https://api.spotify.com/v1/tracks/04ZTP5KsCypmtCmQg5tH9R,https://api.spotify.com/v1/audio-analysis/04ZTP5KsCypmtCmQg5tH9R,195519,4,Pop,2018-06-22,album
154,Look Alive (feat. Drake),BlocBoy JB,5281918,https://open.spotify.com/track/4qKcDkK6siZ7Jp1Jb4m0aL,2019-01-18,2019-01-25,GLB,0.922,0.581,10,-7.495,1,0.27,0.00104,5.86e-05,0.105,0.595,140.022,audio_features,4qKcDkK6siZ7Jp1Jb4m0aL,spotify:track:4qKcDkK6siZ7Jp1Jb4m0aL,https://api.spotify.com/v1/tracks/4qKcDkK6siZ7Jp1Jb4m0aL,https://api.spotify.com/v1/audio-analysis/4qKcDkK6siZ7Jp1Jb4m0aL,181263,4,Hip hop,2018-02-09,single
155,Woman Like Me (feat. Nicki Minaj),Little Mix,5274936,https://open.spotify.com/track/222B3aljXx6fFwKmFjuBED,2019-01-18,2019-01-25,GLB,0.754,0.854,5,-3.449,0,0.0608,0.177,0.0,0.0808,0.8,75.002,audio_features,222B3aljXx6fFwKmFjuBED,spotify:track:222B3aljXx6fFwKmFjuBED,https://api.spotify.com/v1/tracks/222B3aljXx6fFwKmFjuBED,https://api.spotify.com/v1/audio-analysis/222B3aljXx6fFwKmFjuBED,229720,4,Pop,2018-11-16,album
156,Congratulations,Post Malone,5183853,https://open.spotify.com/track/3a1lNhkSLSkpJE4MSHpDu9,2019-01-18,2019-01-25,GLB,0.63,0.804,6,-4.183,1,0.0363,0.215,0.0,0.253,0.492,123.146,audio_features,3a1lNhkSLSkpJE4MSHpDu9,spotify:track:3a1lNhkSLSkpJE4MSHpDu9,https://api.spotify.com/v1/tracks/3a1lNhkSLSkpJE4MSHpDu9,https://api.spotify.com/v1/audio-analysis/3a1lNhkSLSkpJE4MSHpDu9,220293,4,Hip hop,2016-12-09,album
157,In My Blood,Shawn Mendes,5149665,https://open.spotify.com/track/2QZ7WLBE8h2y1Y5Fb8RYbH,2019-01-18,2019-01-25,GLB,0.622,0.712,5,-7.321,1,0.066,0.0573,0.0,0.13,0.487,140.025,audio_features,2QZ7WLBE8h2y1Y5Fb8RYbH,spotify:track:2QZ7WLBE8h2y1Y5Fb8RYbH,https://api.spotify.com/v1/tracks/2QZ7WLBE8h2y1Y5Fb8RYbH,https://api.spotify.com/v1/audio-analysis/2QZ7WLBE8h2y1Y5Fb8RYbH,211360,4,Pop,2018-05-25,album
158,Somebody To Love - Remastered 2011,Queen,5141601,https://open.spotify.com/track/6cFZ4PLC19taNlpl9pbGMf,2019-01-18,2019-01-25,GLB,0.497,0.693,8,-7.024,1,0.0565,0.19,0.0,0.215,0.358,111.539,audio_features,6cFZ4PLC19taNlpl9pbGMf,spotify:track:6cFZ4PLC19taNlpl9pbGMf,https://api.spotify.com/v1/tracks/6cFZ4PLC19taNlpl9pbGMf,https://api.spotify.com/v1/audio-analysis/6cFZ4PLC19taNlpl9pbGMf,296493,3,Rock,1976-12-10,album
159,XO Tour Llif3,Lil Uzi Vert,5087518,https://open.spotify.com/track/7GX5flRQZVHRAGd6B4TmDO,2019-01-18,2019-01-25,GLB,0.732,0.75,11,-6.366,0,0.231,0.00264,0.0,0.109,0.401,155.096,audio_features,7GX5flRQZVHRAGd6B4TmDO,spotify:track:7GX5flRQZVHRAGd6B4TmDO,https://api.spotify.com/v1/tracks/7GX5flRQZVHRAGd6B4TmDO,https://api.spotify.com/v1/audio-analysis/7GX5flRQZVHRAGd6B4TmDO,182707,4,Hip hop,2017-08-25,album
160,Nuketown (feat. Juice WRLD),Ski Mask The Slump God,5055315,https://open.spotify.com/track/74lnM5V6ecvoTPV0fvptx9,2019-01-18,2019-01-25,GLB,0.808,0.617,10,-9.32,0,0.442,0.113,0.0,0.734,0.632,149.962,audio_features,74lnM5V6ecvoTPV0fvptx9,spotify:track:74lnM5V6ecvoTPV0fvptx9,https://api.spotify.com/v1/tracks/74lnM5V6ecvoTPV0fvptx9,https://api.spotify.com/v1/audio-analysis/74lnM5V6ecvoTPV0fvptx9,166400,4,Hip hop,2018-11-30,album
161,Thunderclouds,Sia,5021106,https://open.spotify.com/track/2c7GlMNmF7pbohjykutmLP,2019-01-18,2019-01-25,GLB,0.691,0.716,7,-5.985,1,0.0351,0.0085,9.06e-06,0.263,0.507,112.035,audio_features,2c7GlMNmF7pbohjykutmLP,spotify:track:2c7GlMNmF7pbohjykutmLP,https://api.spotify.com/v1/tracks/2c7GlMNmF7pbohjykutmLP,https://api.spotify.com/v1/audio-analysis/2c7GlMNmF7pbohjykutmLP,187027,4,Pop,2018-11-01,single
162,Pure Water (with Migos),Mustard,4971065,https://open.spotify.com/track/63cd4JkwGgYJrbOizbfmsp,2019-01-18,2019-01-25,GLB,0.68,0.559,0,-5.545,1,0.129,0.172,0.0,0.318,0.137,202.006,audio_features,63cd4JkwGgYJrbOizbfmsp,spotify:track:63cd4JkwGgYJrbOizbfmsp,https://api.spotify.com/v1/tracks/63cd4JkwGgYJrbOizbfmsp,https://api.spotify.com/v1/audio-analysis/63cd4JkwGgYJrbOizbfmsp,194520,4,Hip hop,2019-01-16,single
163,Love Lies (with Normani),Khalid,4940975,https://open.spotify.com/track/45Egmo7icyopuzJN0oMEdk,2019-01-18,2019-01-25,GLB,0.708,0.648,6,-5.626,1,0.0449,0.0956,0.0,0.134,0.338,143.955,audio_features,45Egmo7icyopuzJN0oMEdk,spotify:track:45Egmo7icyopuzJN0oMEdk,https://api.spotify.com/v1/tracks/45Egmo7icyopuzJN0oMEdk,https://api.spotify.com/v1/audio-analysis/45Egmo7icyopuzJN0oMEdk,201707,4,Pop,2018-02-14,single
164,Sola,Manuel Turizo,4932374,https://open.spotify.com/track/675w3ACw5xZR3ODhUJlEVN,2019-01-18,2019-01-25,GLB,0.704,0.706,11,-5.233,0,0.111,0.483,0.0,0.0965,0.856,92.965,audio_features,675w3ACw5xZR3ODhUJlEVN,spotify:track:675w3ACw5xZR3ODhUJlEVN,https://api.spotify.com/v1/tracks/675w3ACw5xZR3ODhUJlEVN,https://api.spotify.com/v1/audio-analysis/675w3ACw5xZR3ODhUJlEVN,195044,4,Pop,2018-11-09,single
165,Closer,The Chainsmokers,4895732,https://open.spotify.com/track/7BKLCZ1jbUBVqRi2FVlTVw,2019-01-18,2019-01-25,GLB,0.748,0.524,8,-5.599,1,0.0338,0.414,0.0,0.111,0.661,95.01,audio_features,7BKLCZ1jbUBVqRi2FVlTVw,spotify:track:7BKLCZ1jbUBVqRi2FVlTVw,https://api.spotify.com/v1/tracks/7BKLCZ1jbUBVqRi2FVlTVw,https://api.spotify.com/v1/audio-analysis/7BKLCZ1jbUBVqRi2FVlTVw,244960,4,Pop,2016-07-29,single
166,bellyache,Billie Eilish,4893874,https://open.spotify.com/track/51NFxnQvaosfDDutk0tams,2019-01-18,2019-01-25,GLB,0.695,0.573,4,-8.597,0,0.106,0.46,0.0734,0.482,0.408,99.939,audio_features,51NFxnQvaosfDDutk0tams,spotify:track:51NFxnQvaosfDDutk0tams,https://api.spotify.com/v1/tracks/51NFxnQvaosfDDutk0tams,https://api.spotify.com/v1/audio-analysis/51NFxnQvaosfDDutk0tams,179172,4,Pop,2017-02-24,single
167,"Familia (with Anuel Aa, feat. Bantu) - Spider-Man: Into the Spider-Verse",Nicki Minaj,4880234,https://open.spotify.com/track/4Uy3kNxW2kB8AEoXljEcth,2019-01-18,2019-01-25,GLB,0.766,0.881,9,-5.158,0,0.137,0.0166,2.3e-06,0.347,0.674,112.027,audio_features,4Uy3kNxW2kB8AEoXljEcth,spotify:track:4Uy3kNxW2kB8AEoXljEcth,https://api.spotify.com/v1/tracks/4Uy3kNxW2kB8AEoXljEcth,https://api.spotify.com/v1/audio-analysis/4Uy3kNxW2kB8AEoXljEcth,174893,5,Pop,2018-12-14,album
168,Thinking out Loud,Ed Sheeran,4837387,https://open.spotify.com/track/1Slwb6dOYkBlWal1PGtnNg,2019-01-18,2019-01-25,GLB,0.781,0.445,2,-6.061,1,0.0295,0.474,0.0,0.184,0.591,78.998,audio_features,1Slwb6dOYkBlWal1PGtnNg,spotify:track:1Slwb6dOYkBlWal1PGtnNg,https://api.spotify.com/v1/tracks/1Slwb6dOYkBlWal1PGtnNg,https://api.spotify.com/v1/audio-analysis/1Slwb6dOYkBlWal1PGtnNg,281560,4,Pop,2013,album
169,Praise The Lord (Da Shine) (feat. Skepta),A$AP Rocky,4834017,https://open.spotify.com/track/7ycWLEP1GsNjVvcjawXz3z,2019-01-18,2019-01-25,GLB,0.854,0.569,5,-8.151,0,0.106,0.0609,0.0816,0.1,0.294,80.015,audio_features,7ycWLEP1GsNjVvcjawXz3z,spotify:track:7ycWLEP1GsNjVvcjawXz3z,https://api.spotify.com/v1/tracks/7ycWLEP1GsNjVvcjawXz3z,https://api.spotify.com/v1/audio-analysis/7ycWLEP1GsNjVvcjawXz3z,205040,4,Hip hop,2018-05-25,album
170,Jackie Chan,Tiësto,4819228,https://open.spotify.com/track/4kWO6O1BUXcZmaxitpVUwp,2019-01-18,2019-01-25,GLB,0.747,0.834,3,-2.867,0,0.045,0.374,0.0,0.0586,0.687,128.005,audio_features,4kWO6O1BUXcZmaxitpVUwp,spotify:track:4kWO6O1BUXcZmaxitpVUwp,https://api.spotify.com/v1/tracks/4kWO6O1BUXcZmaxitpVUwp,https://api.spotify.com/v1/audio-analysis/4kWO6O1BUXcZmaxitpVUwp,215760,4,Pop,2018-05-18,single
171,Jumpin on a Jet,Future,4813197,https://open.spotify.com/track/1I3ZAmPmbFV78oNKnibOiW,2019-01-18,2019-01-25,GLB,0.824,0.595,11,-6.346,1,0.091,0.0571,3.7e-06,0.0876,0.157,140.039,audio_features,1I3ZAmPmbFV78oNKnibOiW,spotify:track:1I3ZAmPmbFV78oNKnibOiW,https://api.spotify.com/v1/tracks/1I3ZAmPmbFV78oNKnibOiW,https://api.spotify.com/v1/audio-analysis/1I3ZAmPmbFV78oNKnibOiW,137134,4,Hip hop,2019-01-18,album
172,So Close,NOTD,4811741,https://open.spotify.com/track/7FjZU7XFs7P9jHI9Z0yRhK,2019-01-18,2019-01-25,GLB,0.7,0.872,10,-5.896,1,0.0666,0.121,7.08e-06,0.103,0.761,125.03,audio_features,7FjZU7XFs7P9jHI9Z0yRhK,spotify:track:7FjZU7XFs7P9jHI9Z0yRhK,https://api.spotify.com/v1/tracks/7FjZU7XFs7P9jHI9Z0yRhK,https://api.spotify.com/v1/audio-analysis/7FjZU7XFs7P9jHI9Z0yRhK,190302,4,Pop,2018-11-02,single
173,PPP,Kevin Roldan,4786078,https://open.spotify.com/track/1DcxnVNFAyVl2sDQ646pXS,2019-01-18,2019-01-25,GLB,0.786,0.65,4,-6.839,1,0.109,0.363,8.17e-05,0.122,0.712,92.975,audio_features,1DcxnVNFAyVl2sDQ646pXS,spotify:track:1DcxnVNFAyVl2sDQ646pXS,https://api.spotify.com/v1/tracks/1DcxnVNFAyVl2sDQ646pXS,https://api.spotify.com/v1/audio-analysis/1DcxnVNFAyVl2sDQ646pXS,129040,4,Latin,2018-09-07,single
174,"These Days (feat. Jess Glynne, Macklemore & Dan Caplen)",Rudimental,4758934,https://open.spotify.com/track/5CLGzJsGqhCEECcpnFQA8x,2019-01-18,2019-01-25,GLB,0.653,0.809,0,-4.057,1,0.0474,0.194,0.0,0.165,0.55,92.213,audio_features,5CLGzJsGqhCEECcpnFQA8x,spotify:track:5CLGzJsGqhCEECcpnFQA8x,https://api.spotify.com/v1/tracks/5CLGzJsGqhCEECcpnFQA8x,https://api.spotify.com/v1/audio-analysis/5CLGzJsGqhCEECcpnFQA8x,210773,4,Pop,2018-01-19,single
175,Calling My Spirit,Kodak Black,4727806,https://open.spotify.com/track/2MShy1GSSgbmGUxADNIao5,2019-01-18,2019-01-25,GLB,0.91,0.366,1,-9.954,1,0.0941,0.0996,0.0,0.261,0.74,119.985,audio_features,2MShy1GSSgbmGUxADNIao5,spotify:track:2MShy1GSSgbmGUxADNIao5,https://api.spotify.com/v1/tracks/2MShy1GSSgbmGUxADNIao5,https://api.spotify.com/v1/audio-analysis/2MShy1GSSgbmGUxADNIao5,152000,4,Hip hop,2018-12-14,album
176,Everybody Dies In Their Nightmares,XXXTENTACION,4707913,https://open.spotify.com/track/3GVkPk8mqxz0itaAriG1L7,2019-01-18,2019-01-25,GLB,0.734,0.57,7,-7.066,0,0.133,0.847,2.14e-05,0.112,0.689,129.953,audio_features,3GVkPk8mqxz0itaAriG1L7,spotify:track:3GVkPk8mqxz0itaAriG1L7,https://api.spotify.com/v1/tracks/3GVkPk8mqxz0itaAriG1L7,https://api.spotify.com/v1/audio-analysis/3GVkPk8mqxz0itaAriG1L7,95467,4,Hip hop,2017-08-25,album
177,ocean eyes,Billie Eilish,4693749,https://open.spotify.com/track/2uIX8YMNjGMD7441kqyyNU,2019-01-18,2019-01-25,GLB,0.475,0.37,4,-7.725,0,0.0361,0.819,0.0577,0.0841,0.157,144.828,audio_features,2uIX8YMNjGMD7441kqyyNU,spotify:track:2uIX8YMNjGMD7441kqyyNU,https://api.spotify.com/v1/tracks/2uIX8YMNjGMD7441kqyyNU,https://api.spotify.com/v1/audio-analysis/2uIX8YMNjGMD7441kqyyNU,200560,4,Pop,2016-11-18,single
178,Ric Flair Drip (& Metro Boomin),Offset,4689153,https://open.spotify.com/track/7sO5G9EABYOXQKNPNiE9NR,2019-01-18,2019-01-25,GLB,0.88,0.428,9,-8.28,1,0.206,0.149,5.07e-05,0.114,0.333,100.007,audio_features,7sO5G9EABYOXQKNPNiE9NR,spotify:track:7sO5G9EABYOXQKNPNiE9NR,https://api.spotify.com/v1/tracks/7sO5G9EABYOXQKNPNiE9NR,https://api.spotify.com/v1/audio-analysis/7sO5G9EABYOXQKNPNiE9NR,172800,4,Hip hop,2017-10-30,album
179,Lucky You (feat. Joyner Lucas),Eminem,4680885,https://open.spotify.com/track/60SdxE8apGAxMiRrpbmLY0,2019-01-18,2019-01-25,GLB,0.876,0.786,10,-4.884,0,0.306,0.0627,0.0,0.127,0.575,153.068,audio_features,60SdxE8apGAxMiRrpbmLY0,spotify:track:60SdxE8apGAxMiRrpbmLY0,https://api.spotify.com/v1/tracks/60SdxE8apGAxMiRrpbmLY0,https://api.spotify.com/v1/audio-analysis/60SdxE8apGAxMiRrpbmLY0,244679,4,Hip hop,2018-08-31,album
180,Africa,TOTO,4659170,https://open.spotify.com/track/2374M0fQpWi3dLnB54qaLX,2019-01-18,2019-01-25,GLB,0.671,0.373,9,-18.064,1,0.0323,0.257,8.01e-05,0.0481,0.732,92.718,audio_features,2374M0fQpWi3dLnB54qaLX,spotify:track:2374M0fQpWi3dLnB54qaLX,https://api.spotify.com/v1/tracks/2374M0fQpWi3dLnB54qaLX,https://api.spotify.com/v1/audio-analysis/2374M0fQpWi3dLnB54qaLX,295893,4,Rock,1982-04-08,album
181,Photograph,Ed Sheeran,4658924,https://open.spotify.com/track/6fxVffaTuwjgEk5h9QyRjy,2019-01-18,2019-01-25,GLB,0.614,0.379,4,-10.48,1,0.0476,0.607,0.000464,0.0986,0.201,107.989,audio_features,6fxVffaTuwjgEk5h9QyRjy,spotify:track:6fxVffaTuwjgEk5h9QyRjy,https://api.spotify.com/v1/tracks/6fxVffaTuwjgEk5h9QyRjy,https://api.spotify.com/v1/audio-analysis/6fxVffaTuwjgEk5h9QyRjy,258987,4,Pop,2013,album
182,goosebumps,Travis Scott,4585369,https://open.spotify.com/track/6gBFPUFcJLzWGx4lenP6h2,2019-01-18,2019-01-25,GLB,0.841,0.728,7,-3.37,1,0.0484,0.0847,0.0,0.149,0.43,130.049,audio_features,6gBFPUFcJLzWGx4lenP6h2,spotify:track:6gBFPUFcJLzWGx4lenP6h2,https://api.spotify.com/v1/tracks/6gBFPUFcJLzWGx4lenP6h2,https://api.spotify.com/v1/audio-analysis/6gBFPUFcJLzWGx4lenP6h2,243837,4,Hip hop,2016-09-16,album
183,Atrasadinha - Ao Vivo,Felipe Araújo,4573764,https://open.spotify.com/track/5EKHbW7mXcAR4hCyS3YXjb,2019-01-18,2019-01-25,GLB,0.676,0.844,7,-3.396,1,0.109,0.498,0.0,0.866,0.716,159.969,audio_features,5EKHbW7mXcAR4hCyS3YXjb,spotify:track:5EKHbW7mXcAR4hCyS3YXjb,https://api.spotify.com/v1/tracks/5EKHbW7mXcAR4hCyS3YXjb,https://api.spotify.com/v1/audio-analysis/5EKHbW7mXcAR4hCyS3YXjb,172767,4,Funk,2018-09-20,album
184,Nice For What,Drake,4573117,https://open.spotify.com/track/3CA9pLiwRIGtUBiMjbZmRw,2019-01-18,2019-01-25,GLB,0.585,0.909,8,-6.474,1,0.0707,0.0891,9.7e-05,0.119,0.758,93.372,audio_features,3CA9pLiwRIGtUBiMjbZmRw,spotify:track:3CA9pLiwRIGtUBiMjbZmRw,https://api.spotify.com/v1/tracks/3CA9pLiwRIGtUBiMjbZmRw,https://api.spotify.com/v1/audio-analysis/3CA9pLiwRIGtUBiMjbZmRw,210747,4,Hip hop,2018-06-29,album
185,Wonderwall - Remastered,Oasis,4551052,https://open.spotify.com/track/5qqabIl2vWzo9ApSC317sa,2019-01-18,2019-01-25,GLB,0.378,0.896,2,-4.066,1,0.0407,0.000452,0.0,0.194,0.469,174.302,audio_features,5qqabIl2vWzo9ApSC317sa,spotify:track:5qqabIl2vWzo9ApSC317sa,https://api.spotify.com/v1/tracks/5qqabIl2vWzo9ApSC317sa,https://api.spotify.com/v1/audio-analysis/5qqabIl2vWzo9ApSC317sa,258773,4,Rock,1995-10-02,album
186,We Will Rock You - Remastered 2011,Queen,4550604,https://open.spotify.com/track/4pbJqGIASGPr0ZpGpnWkDn,2019-01-18,2019-01-25,GLB,0.692,0.497,2,-7.316,1,0.119,0.676,0.0,0.259,0.475,81.308,audio_features,4pbJqGIASGPr0ZpGpnWkDn,spotify:track:4pbJqGIASGPr0ZpGpnWkDn,https://api.spotify.com/v1/tracks/4pbJqGIASGPr0ZpGpnWkDn,https://api.spotify.com/v1/audio-analysis/4pbJqGIASGPr0ZpGpnWkDn,122067,4,Rock,1977-10-28,album
187,Jenifer,Gabriel Diniz,4548197,https://open.spotify.com/track/5ixqGGFu0hdHfErdp32QwT,2019-01-18,2019-01-25,GLB,0.768,0.934,8,-2.533,1,0.0453,0.22,1.73e-06,0.0854,0.916,160.108,audio_features,5ixqGGFu0hdHfErdp32QwT,spotify:track:5ixqGGFu0hdHfErdp32QwT,https://api.spotify.com/v1/tracks/5ixqGGFu0hdHfErdp32QwT,https://api.spotify.com/v1/audio-analysis/5ixqGGFu0hdHfErdp32QwT,160640,4,Pop,2018-09-21,single
188,HUMBLE.,Kendrick Lamar,4536715,https://open.spotify.com/track/7KXjTSCq5nL1LoYtL7XAwS,2019-01-18,2019-01-25,GLB,0.908,0.621,1,-6.638,0,0.102,0.000282,5.39e-05,0.0958,0.421,150.011,audio_features,7KXjTSCq5nL1LoYtL7XAwS,spotify:track:7KXjTSCq5nL1LoYtL7XAwS,https://api.spotify.com/v1/tracks/7KXjTSCq5nL1LoYtL7XAwS,https://api.spotify.com/v1/audio-analysis/7KXjTSCq5nL1LoYtL7XAwS,177000,4,Hip hop,2017-04-14,album
189,Happier,Ed Sheeran,4514060,https://open.spotify.com/track/2RttW7RAu5nOAfq6YFvApB,2019-01-18,2019-01-25,GLB,0.522,0.385,0,-7.355,1,0.0288,0.536,0.0,0.135,0.236,89.792,audio_features,2RttW7RAu5nOAfq6YFvApB,spotify:track:2RttW7RAu5nOAfq6YFvApB,https://api.spotify.com/v1/tracks/2RttW7RAu5nOAfq6YFvApB,https://api.spotify.com/v1/audio-analysis/2RttW7RAu5nOAfq6YFvApB,207520,4,Pop,2017-03-03,album
190,Sin Pijama,Becky G,4495173,https://open.spotify.com/track/2ijef6ni2amuunRoKTlgww,2019-01-18,2019-01-25,GLB,0.791,0.745,11,-3.695,0,0.0464,0.354,2.93e-05,0.104,0.82,94.014,audio_features,2ijef6ni2amuunRoKTlgww,spotify:track:2ijef6ni2amuunRoKTlgww,https://api.spotify.com/v1/tracks/2ijef6ni2amuunRoKTlgww,https://api.spotify.com/v1/audio-analysis/2ijef6ni2amuunRoKTlgww,188560,4,Pop,2018-04-20,single
191,"Let Me Go (with Alesso, Florida Georgia Line & watt)",Hailee Steinfeld,4440836,https://open.spotify.com/track/5Gu0PDLN4YJeW75PpBSg9p,2019-01-18,2019-01-25,GLB,0.664,0.708,8,-4.154,1,0.0474,0.0337,0.0,0.0841,0.742,103.07,audio_features,5Gu0PDLN4YJeW75PpBSg9p,spotify:track:5Gu0PDLN4YJeW75PpBSg9p,https://api.spotify.com/v1/tracks/5Gu0PDLN4YJeW75PpBSg9p,https://api.spotify.com/v1/audio-analysis/5Gu0PDLN4YJeW75PpBSg9p,174800,4,Pop,2017-09-08,single
192,DODI,Shindy,4407694,https://open.spotify.com/track/63THFs9ovzO3WQsz4lzh0H,2019-01-18,2019-01-25,GLB,0.823,0.56,10,-7.057,0,0.0629,0.0101,2.86e-05,0.126,0.371,146.958,audio_features,63THFs9ovzO3WQsz4lzh0H,spotify:track:63THFs9ovzO3WQsz4lzh0H,https://api.spotify.com/v1/tracks/63THFs9ovzO3WQsz4lzh0H,https://api.spotify.com/v1/audio-analysis/63THFs9ovzO3WQsz4lzh0H,183046,4,Hip hop,2019-01-11,single
193,I'm Yours,Jason Mraz,4392899,https://open.spotify.com/track/3S0OXQeoh0w6AY8WQVckRW,2019-01-18,2019-01-25,GLB,0.686,0.457,11,-8.322,1,0.0468,0.595,0.0,0.105,0.718,150.953,audio_features,3S0OXQeoh0w6AY8WQVckRW,spotify:track:3S0OXQeoh0w6AY8WQVckRW,https://api.spotify.com/v1/tracks/3S0OXQeoh0w6AY8WQVckRW,https://api.spotify.com/v1/audio-analysis/3S0OXQeoh0w6AY8WQVckRW,242187,4,Pop,2008-05-01,album
194,All The Stars (with SZA),Kendrick Lamar,4370643,https://open.spotify.com/track/3GCdLUSnKSMJhs4Tj6CV3s,2019-01-18,2019-01-25,GLB,0.698,0.633,8,-4.946,1,0.0597,0.0605,0.000194,0.0926,0.552,96.924,audio_features,3GCdLUSnKSMJhs4Tj6CV3s,spotify:track:3GCdLUSnKSMJhs4Tj6CV3s,https://api.spotify.com/v1/tracks/3GCdLUSnKSMJhs4Tj6CV3s,https://api.spotify.com/v1/audio-analysis/3GCdLUSnKSMJhs4Tj6CV3s,232187,4,Hip hop,2018-02-09,album
195,Mine,Bazzi,4366487,https://open.spotify.com/track/7uzmGiiJyRfuViKKK3lVmR,2019-01-18,2019-01-25,GLB,0.71,0.789,4,-3.874,1,0.0722,0.0161,2.77e-06,0.451,0.717,142.929,audio_features,7uzmGiiJyRfuViKKK3lVmR,spotify:track:7uzmGiiJyRfuViKKK3lVmR,https://api.spotify.com/v1/tracks/7uzmGiiJyRfuViKKK3lVmR,https://api.spotify.com/v1/audio-analysis/7uzmGiiJyRfuViKKK3lVmR,131064,4,Pop,2018-04-12,album
196,Ibiza,Ozuna,4361461,https://open.spotify.com/track/1h9P5WJwyvK8OB7O2YiXgp,2019-01-18,2019-01-25,GLB,0.69,0.71,5,-5.144,1,0.335,0.25,0.0,0.108,0.726,192.068,audio_features,1h9P5WJwyvK8OB7O2YiXgp,spotify:track:1h9P5WJwyvK8OB7O2YiXgp,https://api.spotify.com/v1/tracks/1h9P5WJwyvK8OB7O2YiXgp,https://api.spotify.com/v1/audio-analysis/1h9P5WJwyvK8OB7O2YiXgp,200747,4,Latin,2018-08-24,album
197,Stamm Fort (feat. Sfera Ebbasta),Luche,4343251,https://open.spotify.com/track/7iTTQvztpfrDneVSX9IGBD,2019-01-18,2019-01-25,GLB,0.78,0.521,0,-5.094,1,0.123,0.0983,0.000125,0.0967,0.643,160.087,audio_features,7iTTQvztpfrDneVSX9IGBD,spotify:track:7iTTQvztpfrDneVSX9IGBD,https://api.spotify.com/v1/tracks/7iTTQvztpfrDneVSX9IGBD,https://api.spotify.com/v1/audio-analysis/7iTTQvztpfrDneVSX9IGBD,171375,4,Hip hop,2019-01-24,album
198,Look At Me!,XXXTENTACION,4342309,https://open.spotify.com/track/6eYxmK9fdL4hwLnXG2zY3s,2019-01-18,2019-01-25,GLB,0.763,0.726,1,-6.405,1,0.282,0.259,0.0,0.0976,0.349,139.059,audio_features,6eYxmK9fdL4hwLnXG2zY3s,spotify:track:6eYxmK9fdL4hwLnXG2zY3s,https://api.spotify.com/v1/tracks/6eYxmK9fdL4hwLnXG2zY3s,https://api.spotify.com/v1/audio-analysis/6eYxmK9fdL4hwLnXG2zY3s,126346,4,Hip hop,2017-05-16,compilation
199,What Lovers Do,Maroon 5,4324061,https://open.spotify.com/track/0WdGQhoAP2LBsqr5Jhit2g,2019-01-18,2019-01-25,GLB,0.799,0.597,5,-5.131,0,0.0611,0.0788,5.66e-06,0.1,0.419,110.001,audio_features,0WdGQhoAP2LBsqr5Jhit2g,spotify:track:0WdGQhoAP2LBsqr5Jhit2g,https://api.spotify.com/v1/tracks/0WdGQhoAP2LBsqr5Jhit2g,https://api.spotify.com/v1/audio-analysis/0WdGQhoAP2LBsqr5Jhit2g,199849,4,Pop,2017-11-03,album
200,Wolves,Selena Gomez,4321130,https://open.spotify.com/track/0tBbt8CrmxbjRP0pueQkyU,2019-01-18,2019-01-25,GLB,0.724,0.804,11,-4.614,0,0.0448,0.124,0.0,0.204,0.306,124.987,audio_features,0tBbt8CrmxbjRP0pueQkyU,spotify:track:0tBbt8CrmxbjRP0pueQkyU,https://api.spotify.com/v1/tracks/0tBbt8CrmxbjRP0pueQkyU,https://api.spotify.com/v1/audio-analysis/0tBbt8CrmxbjRP0pueQkyU,197993,4,Pop,2017-10-25,single
